journal_diameter_mm,ligament_mm,station_above_U_mm,support_span_mm,bearing_width_mm,max_Kt_checked,full_Kt_coverage,ROBUST_WITHIN_SCREEN,worst_MS_ultimate_strength,worst_strength_Kt,worst_strength_case,worst_MS_ultimate_bearing,ultimate_bearing_pressure_MPa
22.0,5.0,514.780356685791,120.0,20.0,3.0,True,False,-0.6887578881230293,3.0,LC5,0.31745436249244063,314.00361892420034
22.0,5.0,514.780356685791,120.0,25.0,3.0,True,False,-0.7329977929965983,3.0,LC5,0.6468179531155507,251.2028951393603
22.0,5.0,514.780356685791,120.0,30.0,3.0,True,False,-0.7662263437594141,3.0,LC5,0.9761815437386607,209.3357459494669
22.0,5.0,514.780356685791,150.0,20.0,3.0,True,False,-0.6172097587251586,3.0,LC5,0.6225058213671075,254.96699743211664
22.0,5.0,514.780356685791,150.0,25.0,3.0,True,False,-0.6715563192728509,3.0,LC5,1.0281322767088845,203.9735979456933
22.0,5.0,514.780356685791,150.0,30.0,3.0,True,False,-0.7123897249864047,3.0,LC5,1.433758732050661,169.97799828807777
22.0,5.0,514.780356685791,180.0,20.0,3.0,True,False,-0.5479293698247276,3.0,LC5,0.9186775611954685,215.60967092998527
22.0,5.0,514.780356685791,180.0,25.0,3.0,True,False,-0.6120397163505426,3.0,LC5,1.3983469514943354,172.48773674398822
22.0,5.0,514.780356685791,180.0,30.0,3.0,True,False,-0.660224886563476,3.0,LC5,1.8780163417932028,143.73978061999017
22.0,10.0,519.780356685791,120.0,20.0,3.0,True,False,-0.6899893211933266,3.0,LC5,0.3122112721757362,315.258256320404
22.0,10.0,519.780356685791,120.0,25.0,3.0,True,False,-0.7340550709092699,3.0,LC5,0.6402640902196701,252.20660505632318
22.0,10.0,519.780356685791,120.0,30.0,3.0,True,False,-0.7671526220013722,3.0,LC5,0.9683169082636041,210.17217088026933
22.0,10.0,519.780356685791,150.0,20.0,3.0,True,False,-0.6187001918614112,3.0,LC5,0.6161428020863953,255.97084431898298
22.0,10.0,519.780356685791,150.0,25.0,3.0,True,False,-0.6728364598161063,3.0,LC5,1.020178502607994,204.7766754551864
22.0,10.0,519.780356685791,150.0,30.0,3.0,True,False,-0.7135115762081792,3.0,LC5,1.4242142031295928,170.64722954598867
22.0,10.0,519.780356685791,180.0,20.0,3.0,True,False,-0.5496619980610213,3.0,LC5,0.911261134421129,216.4463192076556
22.0,10.0,519.780356685791,180.0,25.0,3.0,True,False,-0.6135284331999664,3.0,LC5,1.3890764180264115,173.15705536612447
22.0,10.0,519.780356685791,180.0,30.0,3.0,True,False,-0.6615298884078302,3.0,LC5,1.8668917016316935,144.29754613843707
22.0,15.0,524.780356685791,120.0,20.0,3.0,True,False,-0.6912110933167621,3.0,LC5,0.3070095567986175,316.5129401221676
22.0,15.0,524.780356685791,120.0,25.0,3.0,True,False,-0.7351040472533283,3.0,LC5,0.6337619459982717,253.2103520977341
22.0,15.0,524.780356685791,120.0,30.0,3.0,True,False,-0.768071622709177,3.0,LC5,0.9605143351979262,211.00862674811174
22.0,15.0,524.780356685791,150.0,20.0,3.0,True,False,-0.6201791158150627,3.0,LC5,0.6098292733923767,256.9747267164216
22.0,15.0,524.780356685791,150.0,25.0,3.0,True,False,-0.6741067049209543,3.0,LC5,1.0122865917404709,205.5797813731373
22.0,15.0,524.780356685791,150.0,30.0,3.0,True,False,-0.7146247488832761,3.0,LC5,1.414743910088565,171.31648447761444
22.0,15.0,524.780356685791,180.0,20.0,3.0,True,False,-0.5513814538779382,3.0,LC5,0.9039015733807134,217.2829958092477
22.0,15.0,524.780356685791,180.0,25.0,3.0,True,False,-0.6150058182643321,3.0,LC5,1.3798769667258917,173.82639664739816
22.0,15.0,524.780356685791,180.0,30.0,3.0,True,False,-0.6628249478274484,3.0,LC5,1.8558523600710704,144.85533053949845
22.0,20.0,529.780356685791,120.0,20.0,3.0,True,False,-0.6924233172070193,3.0,LC5,0.3018487307936777,317.76766977980344
22.0,20.0,529.780356685791,120.0,25.0,3.0,True,False,-0.7361448189639165,3.0,LC5,0.6273109134920973,254.21413582384275
22.0,20.0,529.780356685791,120.0,30.0,3.0,True,False,-0.7689834309140947,3.0,LC5,0.9527730961905168,211.84511318653563
22.0,20.0,529.780356685791,150.0,20.0,3.0,True,False,-0.6216466627785056,3.0,LC5,0.6035646627150391,257.97864420988145
22.0,20.0,529.780356685791,150.0,25.0,3.0,True,False,-0.6753671683618663,3.0,LC5,1.004455828393799,206.38291536790516
22.0,20.0,529.780356685791,150.0,30.0,3.0,True,False,-0.7157293428720115,3.0,LC5,1.4053469940725591,171.98576280658762
22.0,20.0,529.780356685791,180.0,20.0,3.0,True,False,-0.5530878862577568,3.0,LC5,0.89659822938841,218.11970040882167
22.0,20.0,529.780356685791,180.0,25.0,3.0,True,False,-0.6164719998641828,3.0,LC5,1.3707477867355125,174.49576032705735
22.0,20.0,529.780356685791,180.0,30.0,3.0,True,False,-0.6641101775127977,3.0,LC5,1.8448973440826149,145.41313360588111
24.0,5.0,515.780356685791,120.0,20.0,3.0,True,False,-0.5964583981974991,3.0,LC5,0.43607535731253777,288.0666641089573
24.0,5.0,515.780356685791,120.0,25.0,3.0,True,False,-0.6537918182022355,3.0,LC5,0.7950941966406722,230.45333128716584
24.0,5.0,515.780356685791,120.0,30.0,3.0,True,False,-0.6968605421661682,3.0,LC5,1.1541130359688068,192.04444273930486
24.0,5.0,515.780356685791,150.0,20.0,3.0,True,False,-0.5037468593182812,3.0,LC5,0.7686137059804434,233.90378361948302
24.0,5.0,515.780356685791,150.0,25.0,3.0,True,False,-0.5741631244765588,3.0,LC5,1.2107671324755542,187.12302689558643
24.0,5.0,515.780356685791,150.0,30.0,3.0,True,False,-0.6270790610561625,3.0,LC5,1.6529205589706653,155.935855746322
24.0,5.0,515.780356685791,180.0,20.0,3.0,True,False,-0.4139931813849843,3.0,LC5,1.0914796673942724,197.79558177847508
24.0,5.0,515.780356685791,180.0,25.0,3.0,True,False,-0.49704310324080414,3.0,LC5,1.6143495842428401,158.23646542278007
24.0,5.0,515.780356685791,180.0,30.0,3.0,True,False,-0.5594750741724498,3.0,LC5,2.137219501091408,131.86372118565006
24.0,10.0,520.780356685791,120.0,20.0,3.0,True,False,-0.5980529202923264,3.0,LC5,0.4303646924577751,289.2167569371919
24.0,10.0,520.780356685791,120.0,25.0,3.0,True,False,-0.6551610399663821,3.0,LC5,0.787955865572219,231.37340554975353
24.0,10.0,520.780356685791,120.0,30.0,3.0,True,False,-0.698060248219333,3.0,LC5,1.1455470386866629,192.81117129146125
24.0,10.0,520.780356685791,150.0,20.0,3.0,True,False,-0.5056763253474222,3.0,LC5,0.761683078782226,234.82398314006863
24.0,10.0,520.780356685791,150.0,25.0,3.0,True,False,-0.5758206568871826,3.0,LC5,1.2021038484777828,187.8591865120549
24.0,10.0,520.780356685791,150.0,30.0,3.0,True,False,-0.6285318400706716,3.0,LC5,1.642524618173339,156.5493220933791
24.0,10.0,520.780356685791,180.0,20.0,3.0,True,False,-0.4162357098478392,3.0,LC5,1.0834014842051123,198.56251458318246
24.0,10.0,520.780356685791,180.0,25.0,3.0,True,False,-0.498970356323027,3.0,LC5,1.6042518552563902,158.85001166654598
24.0,10.0,520.780356685791,180.0,30.0,3.0,True,False,-0.561164769794958,3.0,LC5,2.125102226307668,132.37500972212166
24.0,15.0,525.780356685791,120.0,20.0,3.0,True,False,-0.5996349491897273,3.0,LC5,0.424699057293644,290.36689220244017
24.0,15.0,525.780356685791,120.0,25.0,3.0,True,False,-0.6565195240274644,3.0,LC5,0.7808738216170548,232.29351376195214
24.0,15.0,525.780356685791,120.0,30.0,3.0,True,False,-0.6992505395270858,3.0,LC5,1.1370485859404655,193.57792813496013
24.0,15.0,525.780356685791,150.0,20.0,3.0,True,False,-0.5075909129994673,3.0,LC5,0.754806315617389,235.7442151355352
24.0,15.0,525.780356685791,150.0,25.0,3.0,True,False,-0.5774653935497978,3.0,LC5,1.1935078945217361,188.59537210842817
24.0,15.0,525.780356685791,150.0,30.0,3.0,True,False,-0.6299733945729209,3.0,LC5,1.6322094734260832,157.1628100903568
24.0,15.0,525.780356685791,180.0,20.0,3.0,True,False,-0.4184612152221576,3.0,LC5,1.075385193966858,199.32947329136042
24.0,15.0,525.780356685791,180.0,25.0,3.0,True,False,-0.500882960263499,3.0,LC5,1.5942314924585723,159.46357863308833
24.0,15.0,525.780356685791,180.0,30.0,3.0,True,False,-0.5628416092304098,3.0,LC5,2.1130777909502867,132.8863155275736
24.0,20.0,530.780356685791,120.0,20.0,3.0,True,False,-0.6012046304584286,3.0,LC5,0.41907792376659025,291.5170694024161
24.0,20.0,530.780356685791,120.0,25.0,3.0,True,False,-0.6578673956138185,3.0,LC5,0.773847404708238,233.21365552193285
24.0,20.0,530.780356685791,120.0,30.0,3.0,True,False,-0.7004315259640967,3.0,LC5,1.1286168856498855,194.34471293494406
24.0,20.0,530.780356685791,150.0,20.0,3.0,True,False,-0.5094907929246644,3.0,LC5,0.7479827937896841,236.66447922706266
24.0,20.0,530.780356685791,150.0,25.0,3.0,True,False,-0.5790974813925096,3.0,LC5,1.184978492237105,189.33158338165012
24.0,20.0,530.780356685791,150.0,30.0,3.0,True,False,-0.6314038535579187,3.0,LC5,1.6219741906845262,157.77631948470844
24.0,20.0,530.780356685791,180.0,20.0,3.0,True,False,-0.4206698897507958,3.0,LC5,1.0674300911734695,200.09645760514908
24.0,20.0,530.780356685791,180.0,25.0,3.0,True,False,-0.5027810807155051,3.0,LC5,1.5842876139668371,160.07716608411926
24.0,20.0,530.780356685791,180.0,30.0,3.0,True,False,-0.5645057380021108,3.0,LC5,2.1011451367602043,133.39763840343272
26.0,5.0,516.780356685791,120.0,20.0,3.0,True,False,-0.4876111514677487,3.0,LC5,0.5545070627023516,266.12001162024427
26.0,5.0,516.780356685791,120.0,25.0,3.0,True,False,-0.5603762816078073,3.0,LC5,0.9431338283779396,212.89600929619542
26.0,5.0,516.780356685791,120.0,30.0,3.0,True,False,-0.6150444172565586,3.0,LC5,1.3317605940535273,177.41334108016287
26.0,5.0,516.780356685791,150.0,20.0,3.0,True,False,-0.3699613299520105,3.0,LC5,0.9144918446379033,216.08106545282456
26.0,5.0,516.780356685791,150.0,25.0,3.0,True,False,-0.45931161652715136,3.0,LC5,1.3931148057973792,172.86485236225965
26.0,5.0,516.780356685791,150.0,30.0,3.0,True,False,-0.5264667508482601,3.0,LC5,1.871737766956855,144.05404363521637
26.0,5.0,516.780356685791,180.0,20.0,3.0,True,False,-0.256089464276711,3.0,LC5,1.264013965518045,182.72212269478794
26.0,5.0,516.780356685791,180.0,25.0,3.0,True,False,-0.3614487031700785,3.0,LC5,1.8300174568975565,146.17769815583034
26.0,5.0,516.780356685791,180.0,30.0,3.0,True,False,-0.4406664978440272,3.0,LC5,2.3960209482770676,121.81474846319196
26.0,10.0,521.780356685791,120.0,20.0,3.0,True,False,-0.48963311078095983,3.0,LC5,0.5483303117387883,267.1816436413554
26.0,10.0,521.780356685791,120.0,25.0,3.0,True,False,-0.5621128040607826,3.0,LC5,0.9354128896734857,213.7453149130843
26.0,10.0,521.780356685791,120.0,30.0,3.0,True,False,-0.61656612094696,3.0,LC5,1.3224954676081828,178.12109576090356
26.0,10.0,521.780356685791,150.0,20.0,3.0,True,False,-0.37240748611653507,3.0,LC5,0.9069953901823513,216.93048641850365
26.0,10.0,521.780356685791,150.0,25.0,3.0,True,False,-0.4614134029820296,3.0,LC5,1.3837442377279392,173.5443891348029
26.0,10.0,521.780356685791,150.0,30.0,3.0,True,False,-0.528309159129512,3.0,LC5,1.8604930852735269,144.62032427900243
26.0,10.0,521.780356685791,180.0,20.0,3.0,True,False,-0.2589319167826206,3.0,LC5,1.2552760722400453,183.43006547274277
26.0,10.0,521.780356685791,180.0,25.0,3.0,True,False,-0.3638920650397407,3.0,LC5,1.8190950903000562,146.74405237819423
26.0,10.0,521.780356685791,180.0,30.0,3.0,True,False,-0.44280903338321576,3.0,LC5,2.3829141083600676,122.28671031516186
26.0,15.0,526.780356685791,120.0,20.0,3.0,True,False,-0.49163924849448515,3.0,LC5,0.5422022278107292,268.24331474177603
26.0,15.0,526.780356685791,120.0,25.0,3.0,True,False,-0.5638357250625545,3.0,LC5,0.9277527847634115,214.59465179342084
26.0,15.0,526.780356685791,120.0,30.0,3.0,True,False,-0.618075896974356,3.0,LC5,1.313303341716094,178.82887649451735
26.0,15.0,526.780356685791,150.0,20.0,3.0,True,False,-0.37483480622756493,3.0,LC5,0.8995571526776944,217.77993729062246
26.0,15.0,526.780356685791,150.0,25.0,3.0,True,False,-0.46349898554792224,3.0,LC5,1.3744464408471178,174.22394983249796
26.0,15.0,526.780356685791,150.0,30.0,3.0,True,False,-0.5301373503224536,3.0,LC5,1.8493357290165413,145.18662486041498
26.0,15.0,526.780356685791,180.0,20.0,3.0,True,False,-0.26175282486646345,3.0,LC5,1.2466050758670337,184.13803210626494
26.0,15.0,526.780356685791,180.0,25.0,3.0,True,False,-0.36631688095023707,3.0,LC5,1.8082563448337923,147.31042568501195
26.0,15.0,526.780356685791,180.0,30.0,3.0,True,False,-0.4449352888990218,3.0,LC5,2.3699076138005504,122.75868807084329
26.0,20.0,531.780356685791,120.0,20.0,3.0,True,False,-0.4936297487207659,3.0,LC5,0.536122240647559,269.3050244593235
26.0,20.0,531.780356685791,120.0,25.0,3.0,True,False,-0.5655452030467054,3.0,LC5,0.9201528008094484,215.4440195674588
26.0,20.0,531.780356685791,120.0,30.0,3.0,True,False,-0.6195738843786835,3.0,LC5,1.3041833609713378,179.53668297288235
26.0,20.0,531.780356685791,150.0,20.0,3.0,True,False,-0.37724350602551837,3.0,LC5,0.8921764596143871,218.62941772059037
26.0,20.0,531.780356685791,150.0,25.0,3.0,True,False,-0.46556855004319075,3.0,LC5,1.3652205745179837,174.9035341764723
26.0,20.0,531.780356685791,150.0,30.0,3.0,True,False,-0.5319514876105903,3.0,LC5,1.8382646894215808,145.75294514706025
26.0,20.0,531.780356685791,180.0,20.0,3.0,True,False,-0.2645524314634654,3.0,LC5,1.2380002144224709,184.84602232125147
26.0,20.0,531.780356685791,180.0,25.0,3.0,True,False,-0.3687233603263361,3.0,LC5,1.7975002680280885,147.87681785700119
26.0,20.0,531.780356685791,180.0,30.0,3.0,True,False,-0.4470454484269688,3.0,LC5,2.3570003216337065,123.23068154750098
28.0,5.0,517.780356685791,120.0,20.0,3.0,True,False,-0.3608842589740181,3.0,LC5,0.6727499292781758,247.3085966702835
28.0,5.0,517.780356685791,120.0,25.0,3.0,True,False,-0.4516052240520686,3.0,LC5,1.0909374115977197,197.84687733622678
28.0,5.0,517.780356685791,120.0,30.0,3.0,True,False,-0.5197723947378712,3.0,LC5,1.5091248939172637,164.872397780189
28.0,5.0,517.780356685791,150.0,20.0,3.0,True,False,-0.21422218453807385,3.0,LC5,1.060140776357008,200.80445100534857
28.0,5.0,517.780356685791,150.0,25.0,3.0,True,False,-0.32559726850363324,3.0,LC5,1.5751759704462605,160.64356080427885
28.0,5.0,517.780356685791,150.0,30.0,3.0,True,False,-0.40931952018998763,3.0,LC5,2.090211164535513,133.8696340035657
28.0,5.0,517.780356685791,180.0,20.0,3.0,True,False,-0.07230010928581632,3.0,LC5,1.4362810749242563,169.80201580516035
28.0,5.0,517.780356685791,180.0,25.0,3.0,True,False,-0.20360333750837245,3.0,LC5,2.045351343655321,135.84161264412828
28.0,5.0,517.780356685791,180.0,30.0,3.0,True,False,-0.3023466281190835,3.0,LC5,2.6544216123863844,113.20134387010691
28.0,10.0,522.780356685791,120.0,20.0,3.0,True,False,-0.3634029999991807,3.0,LC5,0.6661085753497082,248.29440512499073
28.0,10.0,522.780356685791,120.0,25.0,3.0,True,False,-0.4537687199663264,3.0,LC5,1.082635719187135,198.6355240999926
28.0,10.0,522.780356685791,120.0,30.0,3.0,True,False,-0.5216684643864994,3.0,LC5,1.4991628630245621,165.5296034166605
28.0,10.0,522.780356685791,150.0,20.0,3.0,True,False,-0.21726868126355225,3.0,LC5,1.0520802690717068,201.59320462509942
28.0,10.0,522.780356685791,150.0,25.0,3.0,True,False,-0.328215357603568,3.0,LC5,1.5651003363396332,161.27456370007954
28.0,10.0,522.780356685791,150.0,30.0,3.0,True,False,-0.4116148300094796,3.0,LC5,2.07812040360756,134.39546975006627
28.0,10.0,522.780356685791,180.0,20.0,3.0,True,False,-0.07583941628923507,3.0,LC5,1.4268855108220406,170.4593956927029
28.0,10.0,522.780356685791,180.0,25.0,3.0,True,False,-0.20664636813736992,3.0,LC5,2.0336068885275504,136.36751655416234
28.0,10.0,522.780356685791,180.0,30.0,3.0,True,False,-0.30501543336800685,3.0,LC5,2.6403282662330607,113.63959712846861
28.0,15.0,527.780356685791,120.0,20.0,3.0,True,False,-0.36590205775890194,3.0,LC5,0.6595195084773928,249.28024978124995
28.0,15.0,527.780356685791,120.0,25.0,3.0,True,False,-0.4559152908748153,3.0,LC5,1.0743993855967409,199.42419982499996
28.0,15.0,527.780356685791,120.0,30.0,3.0,True,False,-0.5235496893263276,3.0,LC5,1.4892792627160896,166.18683318749996
28.0,15.0,527.780356685791,150.0,20.0,3.0,True,False,-0.22029175217839025,3.0,LC5,1.044082311220928,202.38198594997272
28.0,15.0,527.780356685791,150.0,25.0,3.0,True,False,-0.3308132889156554,3.0,LC5,1.55510288902616,161.90558875997817
28.0,15.0,527.780356685791,150.0,30.0,3.0,True,False,-0.41389244999971875,3.0,LC5,2.066123466831392,134.9213239666485
28.0,15.0,527.780356685791,180.0,20.0,3.0,True,False,-0.07935193764775861,3.0,LC5,1.4175618244224628,171.11679768062515
28.0,15.0,527.780356685791,180.0,25.0,3.0,True,False,-0.20966633359055242,3.0,LC5,2.0219522805280787,136.89343814450012
28.0,15.0,527.780356685791,180.0,30.0,3.0,True,False,-0.30766398661660166,3.0,LC5,2.626342736633694,114.07786512041677
28.0,20.0,532.780356685791,120.0,20.0,3.0,True,False,-0.36838166100728353,3.0,LC5,0.6529821164410619,250.26613021124712
28.0,20.0,532.780356685791,120.0,25.0,3.0,True,False,-0.45804513368502786,3.0,LC5,1.0662276455513275,200.21290416899768
28.0,20.0,532.780356685791,120.0,30.0,3.0,True,False,-0.5254162424003055,3.0,LC5,1.4794731746615928,166.8440868074981
28.0,20.0,532.780356685791,150.0,20.0,3.0,True,False,-0.22329166521628518,3.0,LC5,1.0361461807929593,203.17079465728511
28.0,20.0,532.780356685791,150.0,25.0,3.0,True,False,-0.3333912932969544,3.0,LC5,1.5451827259911988,162.5366357258281
28.0,20.0,532.780356685791,150.0,30.0,3.0,True,False,-0.4161525829523618,3.0,LC5,2.0542192711894387,135.44719643819008
28.0,20.0,532.780356685791,180.0,20.0,3.0,True,False,-0.08283797494138778,3.0,LC5,1.4083091976262216,171.774221515184
28.0,20.0,532.780356685791,180.0,25.0,3.0,True,False,-0.21266349396007145,3.0,LC5,2.010386497032777,137.4193772121472
28.0,20.0,532.780356685791,180.0,30.0,3.0,True,False,-0.3102925164992779,3.0,LC5,2.612463796439333,114.51614767678932
30.0,5.0,518.780356685791,120.0,20.0,3.0,True,False,-0.2149528622864274,3.0,LC5,0.7908044062338866,231.00537174804816
30.0,5.0,518.780356685791,120.0,25.0,3.0,True,False,-0.32633839533064124,3.0,LC5,1.2385055077923584,184.80429739843854
30.0,5.0,518.780356685791,120.0,30.0,3.0,True,False,-0.41004368561651006,3.0,LC5,1.68620660935083,154.00358116536543
30.0,5.0,518.780356685791,150.0,20.0,3.0,True,False,-0.034907753718679047,3.0,LC5,1.2055610384781583,187.56471953074825
30.0,5.0,518.780356685791,150.0,25.0,3.0,True,False,-0.17162306485422074,3.0,LC5,1.756951298097698,150.0517756245986
30.0,5.0,518.780356685791,150.0,30.0,3.0,True,False,-0.27441035258301005,3.0,LC5,2.3083415577172377,125.04314635383217
30.0,5.0,518.780356685791,180.0,20.0,3.0,True,True,0.13928123112190893,3.0,LC5,1.6082816130704782,158.60459066883874
30.0,5.0,518.780356685791,180.0,25.0,3.0,True,False,-0.021863254670460797,3.0,LC5,2.2603520163380977,126.883672535071
30.0,5.0,518.780356685791,180.0,30.0,3.0,True,False,-0.14307074911678952,3.0,LC5,2.912422419605717,105.73639377922584
30.0,10.0,523.780356685791,120.0,20.0,3.0,True,False,-0.2180426720234223,3.0,LC5,0.7836999272211529,231.92546642897892
30.0,10.0,523.780356685791,120.0,25.0,3.0,True,False,-0.32899280962927335,3.0,LC5,1.229624909026441,185.54037314318313
30.0,10.0,523.780356685791,120.0,30.0,3.0,True,False,-0.4123702512744565,3.0,LC5,1.675549890831729,154.6169776193193
30.0,10.0,523.780356685791,150.0,20.0,3.0,True,False,-0.03864416461078768,3.0,LC5,1.1969382465838039,188.3008947717918
30.0,10.0,523.780356685791,150.0,25.0,3.0,True,False,-0.17483463501990815,3.0,LC5,1.7461728082297547,150.64071581743343
30.0,10.0,523.780356685791,150.0,30.0,3.0,True,False,-0.27722635975010923,3.0,LC5,2.295407369875706,125.53392984786119
30.0,10.0,523.780356685791,180.0,20.0,3.0,True,True,0.13494131933426523,3.0,LC5,1.5982304103760274,159.2181493750707
30.0,10.0,523.780356685791,180.0,25.0,3.0,True,False,-0.025595431628346876,3.0,LC5,2.2477880129700343,127.37451950005658
30.0,10.0,523.780356685791,180.0,30.0,3.0,True,False,-0.1463444795019735,3.0,LC5,2.897345615564041,106.14543291671382
30.0,15.0,528.780356685791,120.0,20.0,3.0,True,False,-0.22110836706627646,3.0,LC5,0.7766513380425164,232.8455948176602
30.0,15.0,528.780356685791,120.0,25.0,3.0,True,False,-0.3316264838679933,3.0,LC5,1.2208141725531454,186.27647585412817
30.0,15.0,528.780356685791,120.0,30.0,3.0,True,False,-0.41467862304796443,3.0,LC5,1.6649770070637748,155.2303965451068
30.0,15.0,528.780356685791,150.0,20.0,3.0,True,False,-0.042351885038191095,3.0,LC5,1.1883823162685063,189.0370958103392
30.0,15.0,528.780356685791,150.0,25.0,3.0,True,False,-0.17802151044921966,3.0,LC5,1.7354778953356331,151.22967664827135
30.0,15.0,528.780356685791,150.0,30.0,3.0,True,False,-0.28002069115879835,3.0,LC5,2.28257347440276,126.02473054022612
30.0,15.0,528.780356685791,180.0,20.0,3.0,True,True,0.13063420257511704,3.0,LC5,1.588256043131354,159.83172866066678
30.0,15.0,528.780356685791,180.0,25.0,3.0,True,False,-0.029299359625618027,3.0,LC5,2.2353200539141924,127.86538292853342
30.0,15.0,528.780356685791,180.0,30.0,3.0,True,False,-0.14959340034387025,3.0,LC5,2.882384064697031,106.55448577377786
30.0,20.0,533.780356685791,120.0,20.0,3.0,True,False,-0.22415022730875367,3.0,LC5,0.7696579847942027,233.76575651605924
30.0,20.0,533.780356685791,120.0,25.0,3.0,True,False,-0.3342396590459411,3.0,LC5,1.2120724809927532,187.0126052128474
30.0,20.0,533.780356685791,120.0,30.0,3.0,True,False,-0.41696901253027385,3.0,LC5,1.6544869771913042,155.84383767737282
30.0,20.0,533.780356685791,150.0,20.0,3.0,True,False,-0.04603124269018544,3.0,LC5,1.1798924763277236,189.77332234615614
30.0,20.0,533.780356685791,150.0,25.0,3.0,True,False,-0.18118397358875604,3.0,LC5,1.7248655954096548,151.8186578769249
30.0,20.0,533.780356685791,150.0,30.0,3.0,True,False,-0.2827935949864947,3.0,LC5,2.2698387144915855,126.51554823077075
30.0,20.0,533.780356685791,180.0,20.0,3.0,True,True,0.12635951216051655,3.0,LC5,1.57835763746015,160.44532828952646
30.0,20.0,533.780356685791,180.0,25.0,3.0,True,False,-0.03297535676364849,3.0,LC5,2.2229470468251873,128.35626263162118
30.0,20.0,533.780356685791,180.0,30.0,3.0,True,False,-0.1528177913603609,3.0,LC5,2.867536456190225,106.96355219301765
32.0,5.0,519.780356685791,120.0,20.0,3.0,True,False,-0.048499087256023365,3.0,LC5,0.9086709413465253,216.74005122027773
32.0,5.0,519.780356685791,120.0,25.0,3.0,True,False,-0.18344121875711095,3.0,LC5,1.3858386766831563,173.3920409762222
32.0,5.0,519.780356685791,120.0,30.0,3.0,True,False,-0.2848622578263168,3.0,LC5,1.863006412019788,144.49336748018516
32.0,5.0,519.780356685791,150.0,20.0,3.0,True,True,0.16959438147225914,3.0,LC5,1.35075316667112,175.97995546930082
32.0,5.0,519.780356685791,150.0,25.0,3.0,True,True,0.004000548671048376,3.0,LC5,1.9384414583389007,140.78396437544063
32.0,5.0,519.780356685791,150.0,30.0,3.0,True,False,-0.12051844963319003,3.0,LC5,2.526129750006681,117.3199703128672
32.0,5.0,519.780356685791,180.0,20.0,3.0,True,True,0.3805492327129165,3.0,LC5,1.7800161955216423,148.80684445526322
32.0,5.0,519.780356685791,180.0,25.0,3.0,True,True,0.1854059368964971,3.0,LC5,2.4750202444020526,119.04547556421058
32.0,5.0,519.780356685791,180.0,30.0,3.0,True,True,0.03859809385732427,3.0,LC5,3.170024293282464,99.20456297017547
32.0,10.0,524.780356685791,120.0,20.0,3.0,True,False,-0.05223914195031887,3.0,LC5,0.9011048098888981,217.60264633399024
32.0,10.0,524.780356685791,120.0,25.0,3.0,True,False,-0.18665472513825276,3.0,LC5,1.3763810123611222,174.0821170671922
32.0,10.0,524.780356685791,120.0,30.0,3.0,True,False,-0.2876791748376589,3.0,LC5,1.851657214833347,145.06843088932683
32.0,10.0,524.780356685791,150.0,20.0,3.0,True,True,0.16507262887963847,3.0,LC5,1.3415698522070931,176.6701246175399
32.0,10.0,524.780356685791,150.0,25.0,3.0,True,True,0.00011324523494260497,3.0,LC5,1.9269623152588666,141.3360996940319
32.0,10.0,524.780356685791,150.0,30.0,3.0,True,False,-0.12392742668522616,3.0,LC5,2.51235477831064,117.78008307835992
32.0,10.0,524.780356685791,180.0,20.0,3.0,True,True,0.37529823182694155,3.0,LC5,1.7693113794628559,149.3820596188578
32.0,10.0,524.780356685791,180.0,25.0,3.0,True,True,0.18088928751418054,3.0,LC5,2.46163922432857,119.50564769508622
32.0,10.0,524.780356685791,180.0,30.0,3.0,True,True,0.03463561471103915,3.0,LC5,3.153967069194284,99.58803974590519
32.0,15.0,529.780356685791,120.0,20.0,3.0,True,False,-0.05595004486361288,3.0,LC5,0.8935981538817133,218.46527297361484
32.0,15.0,529.780356685791,120.0,25.0,3.0,True,False,-0.18984315370595584,3.0,LC5,1.3669976923521414,174.7722183788919
32.0,15.0,529.780356685791,120.0,30.0,3.0,True,False,-0.29047408907264827,3.0,LC5,1.8403972308225698,145.64351531574323
32.0,15.0,529.780356685791,150.0,20.0,3.0,True,True,0.16058554834747074,3.0,LC5,1.3324576912218755,177.36031789429347
32.0,15.0,529.780356685791,150.0,25.0,3.0,True,False,-0.0037442068010025142,3.0,LC5,1.915572114027344,141.88825431543478
32.0,15.0,529.780356685791,150.0,30.0,3.0,True,False,-0.1273101963624933,3.0,LC5,2.4986865368328126,118.240211929529
32.0,15.0,529.780356685791,180.0,20.0,3.0,True,True,0.37008685084660553,3.0,LC5,1.7586883336558685,149.95729403106492
32.0,15.0,529.780356685791,180.0,25.0,3.0,True,True,0.17640677685580353,3.0,LC5,2.448360417069836,119.96583522485193
32.0,15.0,529.780356685791,180.0,30.0,3.0,True,True,0.0307031250098595,3.0,LC5,3.1380325004838037,99.97152935404327
32.0,20.0,534.780356685791,120.0,20.0,3.0,True,False,-0.059632133918329666,3.0,LC5,0.8861502780019739,219.3279307671733
32.0,20.0,534.780356685791,120.0,25.0,3.0,True,False,-0.1930067955103988,3.0,LC5,1.3576878475024672,175.46234461373865
32.0,20.0,534.780356685791,120.0,30.0,3.0,True,False,-0.29324725612537084,3.0,LC5,1.8292254170029607,146.21862051144888
32.0,20.0,534.780356685791,150.0,20.0,3.0,True,True,0.15613274442068525,3.0,LC5,1.3234158636256446,178.05053501896714
32.0,20.0,534.780356685791,150.0,25.0,3.0,True,False,-0.007572148416926883,3.0,LC5,1.9042698295320557,142.44042801517372
32.0,20.0,534.780356685791,150.0,30.0,3.0,True,False,-0.13066705835596915,3.0,LC5,2.485123795438467,118.70035667931143
32.0,20.0,534.780356685791,180.0,20.0,3.0,True,True,0.3649146450316614,3.0,LC5,1.7481461287911615,150.53254747121878
32.0,20.0,534.780356685791,180.0,25.0,3.0,True,True,0.17195802103401392,3.0,LC5,2.4351826609889518,120.42603797697502
32.0,20.0,534.780356685791,180.0,30.0,3.0,True,True,0.026800287079147278,3.0,LC5,3.1222191931867425,100.35503164747918
34.0,5.0,520.780356685791,120.0,20.0,3.0,True,True,0.13978800186993712,3.0,LC5,1.0263499809818484,204.15300489684134
34.0,5.0,520.780356685791,120.0,25.0,3.0,True,False,-0.021784755987464877,3.0,LC5,1.53293747622731,163.32240391747308
34.0,5.0,520.780356685791,120.0,30.0,3.0,True,False,-0.14323680805823125,3.0,LC5,2.0395249714727726,136.1020032645609
34.0,5.0,520.780356685791,150.0,20.0,3.0,True,True,0.40088745538229276,3.0,LC5,1.4957176949414865,165.7581057459308
34.0,5.0,520.780356685791,150.0,25.0,3.0,True,True,0.20265571468813204,3.0,LC5,2.119647118676859,132.60648459674462
34.0,5.0,520.780356685791,150.0,30.0,3.0,True,True,0.05357080822002791,3.0,LC5,2.7435765424122307,110.50540383062052
34.0,5.0,520.780356685791,180.0,20.0,3.0,True,True,0.6533869885749439,3.0,LC5,1.9514854359572427,140.1617749998935
34.0,5.0,520.780356685791,180.0,25.0,3.0,True,True,0.41982933515491583,3.0,LC5,2.689356794946553,112.1294199999148
34.0,5.0,520.780356685791,180.0,30.0,3.0,True,True,0.24408914628265355,3.0,LC5,3.4272281539358636,93.44118333326234
34.0,10.0,525.780356685791,120.0,20.0,3.0,True,True,0.13531368946093658,3.0,LC5,1.0183236644993285,204.96486508407543
34.0,10.0,525.780356685791,120.0,25.0,3.0,True,False,-0.02562971395351943,3.0,LC5,1.5229045806241608,163.97189206726034
34.0,10.0,525.780356685791,120.0,30.0,3.0,True,False,-0.1466076209475542,3.0,LC5,2.027485496748993,136.64324338938363
34.0,10.0,525.780356685791,150.0,20.0,3.0,True,True,0.3954791481364508,3.0,LC5,1.4859756137913012,166.4076812721425
34.0,10.0,525.780356685791,150.0,25.0,3.0,True,True,0.19800540746684647,3.0,LC5,2.1074695172391267,133.12614501771398
34.0,10.0,525.780356685791,150.0,30.0,3.0,True,True,0.04949215838249499,3.0,LC5,2.7289634206869517,110.93845418142833
34.0,10.0,525.780356685791,180.0,20.0,3.0,True,True,0.6471077650654251,3.0,LC5,1.9401290247863816,140.7031576174309
34.0,10.0,525.780356685791,180.0,25.0,3.0,True,True,0.4144271070588821,3.0,LC5,2.6751612809829775,112.5625260939447
34.0,10.0,525.780356685791,180.0,30.0,3.0,True,True,0.23934898340764876,3.0,LC5,3.4101935371795724,93.80210507828725
34.0,15.0,530.780356685791,120.0,20.0,3.0,True,True,0.13087420687695084,3.0,LC5,1.0103603920026698,205.7767548722937
34.0,15.0,530.780356685791,120.0,25.0,3.0,True,False,-0.029444702940602308,3.0,LC5,1.512950490003337,164.62140389783497
34.0,15.0,530.780356685791,120.0,30.0,3.0,True,False,-0.14995213527617024,3.0,LC5,2.0155405880040047,137.1845032481958
34.0,15.0,530.780356685791,150.0,20.0,3.0,True,True,0.3901122527729355,3.0,LC5,1.4763089578687194,167.05727945439716
34.0,15.0,530.780356685791,150.0,25.0,3.0,True,True,0.19339076407257538,3.0,LC5,2.095386197335899,133.64582356351772
34.0,15.0,530.780356685791,150.0,30.0,3.0,True,True,0.04544482520461979,3.0,LC5,2.7144634368030784,111.37151963626478
34.0,15.0,530.780356685791,180.0,20.0,3.0,True,True,0.6408758482408188,3.0,LC5,1.9288592958290818,141.244558309517
34.0,15.0,530.780356685791,180.0,25.0,3.0,True,True,0.4090656540913613,3.0,LC5,2.661074119786352,112.9956466476136
34.0,15.0,530.780356685791,180.0,30.0,3.0,True,True,0.2346446484072826,3.0,LC5,3.393288943743623,94.16303887301133
34.0,20.0,535.780356685791,120.0,20.0,3.0,True,True,0.12646915089582156,3.0,LC5,1.002459427012501,206.58867391250226
34.0,20.0,535.780356685791,120.0,25.0,3.0,True,False,-0.03323007034366776,3.0,LC5,1.503074283765626,165.2709391300018
34.0,20.0,535.780356685791,120.0,30.0,3.0,True,False,-0.15327065618667668,3.0,LC5,2.003689140518751,137.72578260833484
34.0,20.0,535.780356685791,150.0,20.0,3.0,True,True,0.3847862976240375,3.0,LC5,1.466716858504423,167.70690002942624
34.0,20.0,535.780356685791,150.0,25.0,3.0,True,True,0.18881137766359157,3.0,LC5,2.083396073130529,134.16552002354098
34.0,20.0,535.780356685791,150.0,30.0,3.0,True,True,0.04142845101152237,3.0,LC5,2.7000752877566345,111.8046000196175
34.0,20.0,535.780356685791,180.0,20.0,3.0,True,True,0.6346907078723629,3.0,LC5,1.9176752646844482,141.78597686910248
34.0,20.0,535.780356685791,180.0,25.0,3.0,True,True,0.4037445183781665,3.0,LC5,2.6470940808555605,113.42878149528198
34.0,20.0,535.780356685791,180.0,30.0,3.0,True,True,0.22997573839723207,3.0,LC5,3.3765128970266725,94.52398457940166
36.0,5.0,521.780356685791,120.0,20.0,3.0,True,True,0.3512124479718217,3.0,LC5,1.143841970099861,192.96452040764552
36.0,5.0,521.780356685791,120.0,25.0,3.0,True,True,0.15975432789441668,3.0,LC5,1.6798024626248265,154.37161632611642
36.0,5.0,521.780356685791,120.0,30.0,3.0,True,True,0.015819266210389316,3.0,LC5,2.2157629551497915,128.64301360509702
36.0,5.0,521.780356685791,150.0,20.0,3.0,True,True,0.6605655829536445,3.0,LC5,1.6404551556371016,156.6720179689193
36.0,5.0,521.780356685791,150.0,25.0,3.0,True,True,0.4257172134509484,3.0,LC5,2.3005689445463773,125.33761437513544
36.0,5.0,521.780356685791,150.0,30.0,3.0,True,True,0.24906590067731016,3.0,LC5,2.960682733455653,104.44801197927953
36.0,5.0,521.780356685791,180.0,20.0,3.0,True,True,0.9596660973917712,3.0,LC5,2.122689946178524,132.477269508092
36.0,5.0,521.780356685791,180.0,25.0,3.0,True,True,0.6830228103539902,3.0,LC5,2.903362432723155,105.9818156064736
36.0,5.0,521.780356685791,180.0,30.0,3.0,True,True,0.474823995978108,3.0,LC5,3.684034919267786,88.31817967206133
36.0,10.0,526.780356685791,120.0,20.0,3.0,True,True,0.3459150807908711,3.0,LC5,1.1353569308148561,193.73128286906046
36.0,10.0,526.780356685791,120.0,25.0,3.0,True,True,0.15520141560674006,3.0,LC5,1.6691961635185701,154.98502629524836
36.0,10.0,526.780356685791,120.0,30.0,3.0,True,True,0.011827359528889136,3.0,LC5,2.2030353962222837,129.15418857937365
36.0,10.0,526.780356685791,150.0,20.0,3.0,True,True,0.6541637904583286,3.0,LC5,1.6301560575537306,157.28551026544955
36.0,10.0,526.780356685791,150.0,25.0,3.0,True,True,0.4202116685374253,3.0,LC5,2.287695071942163,125.82840821235965
36.0,10.0,526.780356685791,150.0,30.0,3.0,True,True,0.24423649071453912,3.0,LC5,2.9452340863305957,104.85700684363304
36.0,10.0,526.780356685791,180.0,20.0,3.0,True,True,0.9522349523621416,3.0,LC5,2.110683951200508,132.98857874341357
36.0,10.0,526.780356685791,180.0,25.0,3.0,True,True,0.6766281846624056,3.0,LC5,2.888354939000635,106.39086299473085
36.0,10.0,526.780356685791,180.0,30.0,3.0,True,True,0.46921215934609783,3.0,LC5,3.666025926800762,88.65905249560905
36.0,15.0,531.780356685791,120.0,20.0,3.0,True,True,0.3406588971467801,3.0,LC5,1.1269384870504657,194.49807322062253
36.0,15.0,531.780356685791,120.0,25.0,3.0,True,True,0.15068394710710664,3.0,LC5,1.6586731088130824,155.59845857649802
36.0,15.0,531.780356685791,120.0,30.0,3.0,True,True,0.007866560855685378,3.0,LC5,2.190407730575699,129.6653821470817
36.0,15.0,531.780356685791,150.0,20.0,3.0,True,True,0.6478109484284111,3.0,LC5,1.6199366363891512,157.89902390931528
36.0,15.0,531.780356685791,150.0,25.0,3.0,True,True,0.4147482910791829,3.0,LC5,2.274920795486439,126.31921912745221
36.0,15.0,531.780356685791,150.0,30.0,3.0,True,True,0.2394441158351106,3.0,LC5,2.929904954583727,105.26601593954352
36.0,15.0,531.780356685791,180.0,20.0,3.0,True,True,0.9448597081975336,3.0,LC5,2.098769527661883,133.4999050097927
36.0,15.0,531.780356685791,180.0,25.0,3.0,True,True,0.6702817570709703,3.0,LC5,2.8734619095773537,106.79992400783418
36.0,15.0,531.780356685791,180.0,30.0,3.0,True,True,0.46364268309928236,3.0,LC5,3.6481542914928244,88.99993667319515
36.0,20.0,536.780356685791,120.0,20.0,3.0,True,True,0.33544342087326706,3.0,LC5,1.1185858614322552,195.26489113376434
36.0,20.0,536.780356685791,120.0,25.0,3.0,True,True,0.14620151203488763,3.0,LC5,1.6482323267903185,156.21191290701148
36.0,20.0,536.780356685791,120.0,30.0,3.0,True,True,0.0039365096609607075,3.0,LC5,2.177878792148382,130.17659408917623
36.0,20.0,536.780356685791,150.0,20.0,3.0,True,True,0.6415065001109359,3.0,LC5,1.6097959751985695,158.5125586526456
36.0,20.0,536.780356685791,150.0,25.0,3.0,True,True,0.40932660066975113,3.0,LC5,2.2622449689982114,126.81004692211648
36.0,20.0,536.780356685791,150.0,30.0,3.0,True,True,0.23468835357487694,3.0,LC5,2.9146939627978536,105.67503910176374
36.0,20.0,536.780356685791,180.0,20.0,3.0,True,True,0.93753973928166,3.0,LC5,2.0869456364102827,134.011248112281
36.0,20.0,536.780356685791,180.0,25.0,3.0,True,True,0.6639829871043337,3.0,LC5,2.8586820455128543,107.2089984898248
36.0,20.0,536.780356685791,180.0,30.0,3.0,True,True,0.45811509151999075,3.0,LC5,3.630418454615424,89.340832074854
38.0,5.0,522.780356685791,120.0,20.0,3.0,True,True,0.5870714462238691,3.0,LC5,1.261147352260318,182.95377219736162
38.0,5.0,522.780356685791,120.0,25.0,3.0,True,True,0.3622937990324673,3.0,LC5,1.826434190325398,146.36301775788928
38.0,5.0,522.780356685791,120.0,30.0,3.0,True,True,0.1932878944884231,3.0,LC5,2.3917210283904775,121.96918146490773
38.0,5.0,522.780356685791,150.0,20.0,3.0,True,True,0.9502138243819818,3.0,LC5,1.7849660794544588,148.54236130270485
38.0,5.0,522.780356685791,150.0,25.0,3.0,True,True,0.674552511731161,3.0,LC5,2.4812075993180733,118.83388904216388
38.0,5.0,522.780356685791,150.0,30.0,3.0,True,True,0.46716920625882974,3.0,LC5,3.1774491191816887,99.0282408684699
38.0,5.0,522.780356685791,180.0,20.0,3.0,True,True,1.3012467509123558,3.0,LC5,2.2936303361156263,125.60165998409688
38.0,5.0,522.780356685791,180.0,25.0,3.0,True,True,0.9765930703477341,3.0,LC5,3.117037920144533,100.48132798727751
38.0,5.0,522.780356685791,180.0,30.0,3.0,True,True,0.732216624243881,3.0,LC5,3.9404455041734403,83.73443998939791
38.0,10.0,527.780356685791,120.0,20.0,3.0,True,True,0.5808574946098974,3.0,LC5,1.2522050472193187,183.68018404934207
38.0,10.0,527.780356685791,120.0,25.0,3.0,True,True,0.3569523286252627,3.0,LC5,1.8152563090241483,146.94414723947366
38.0,10.0,527.780356685791,120.0,30.0,3.0,True,True,0.1886040781832976,3.0,LC5,2.3783075708289783,122.4534560328947
38.0,10.0,527.780356685791,150.0,20.0,3.0,True,True,0.9427059654469345,3.0,LC5,1.7741117080855453,149.12356859471674
38.0,10.0,527.780356685791,150.0,25.0,3.0,True,True,0.6680945861936782,3.0,LC5,2.4676396351069316,119.29885487577339
38.0,10.0,527.780356685791,150.0,30.0,3.0,True,True,0.4615036098796985,3.0,LC5,3.161167562128318,99.41571239647783
38.0,10.0,527.780356685791,180.0,20.0,3.0,True,True,1.2925335029698202,3.0,LC5,2.2809767617162,126.0860614488817
38.0,10.0,527.780356685791,180.0,25.0,3.0,True,True,0.9690935824646598,3.0,LC5,3.1012209521452494,100.86884915910535
38.0,10.0,527.780356685791,180.0,30.0,3.0,True,True,0.7256341244807274,3.0,LC5,3.9214651425742995,84.05737429925446
38.0,15.0,532.780356685791,120.0,20.0,3.0,True,True,0.5746917900426283,3.0,LC5,1.2433328723128696,184.40662226091894
38.0,15.0,532.780356685791,120.0,25.0,3.0,True,True,0.3516523902151656,3.0,LC5,1.8041660903910874,147.52529780873513
38.0,15.0,532.780356685791,120.0,30.0,3.0,True,True,0.18395671936755065,3.0,LC5,2.3649993084693044,122.93774817394595
38.0,15.0,532.780356685791,150.0,20.0,3.0,True,True,0.9352554341180199,3.0,LC5,1.763341245361873,149.7047960632627
38.0,15.0,532.780356685791,150.0,25.0,3.0,True,True,0.6616860577782224,3.0,LC5,2.4541765567023415,119.76383685061018
38.0,15.0,532.780356685791,150.0,30.0,3.0,True,True,0.45588140711210534,3.0,LC5,3.1450118680428094,99.80319737550847
38.0,15.0,532.780356685791,180.0,20.0,3.0,True,True,1.2838857020761716,3.0,LC5,2.2684196253498725,126.5704790111882
38.0,15.0,532.780356685791,180.0,25.0,3.0,True,True,0.9616505414199297,3.0,LC5,3.0855245316873408,101.25638320895055
38.0,15.0,532.780356685791,180.0,30.0,3.0,True,True,0.7191012466404432,3.0,LC5,3.9026294380248094,84.38031934079213
38.0,20.0,537.780356685791,120.0,20.0,3.0,True,True,0.5685737754025699,3.0,LC5,1.2345300095312504,185.13308652179737
38.0,20.0,537.780356685791,120.0,25.0,3.0,True,True,0.3463935035348853,3.0,LC5,1.7931625119140628,148.10646921743788
38.0,20.0,537.780356685791,120.0,30.0,3.0,True,True,0.17934539600037258,3.0,LC5,2.3517950142968753,123.42205768119824
38.0,20.0,537.780356685791,150.0,20.0,3.0,True,True,0.9278615792694538,3.0,LC5,1.7526537263654394,150.286043474246
38.0,20.0,537.780356685791,150.0,25.0,3.0,True,True,0.6553263644441099,3.0,LC5,2.440817157956799,120.22883477939679
38.0,20.0,537.780356685791,150.0,30.0,3.0,True,True,0.45030210356964395,3.0,LC5,3.128980589548159,100.19069564949733
38.0,20.0,537.780356685791,180.0,20.0,3.0,True,True,1.2753026168745643,3.0,LC5,2.255957833450764,127.05491248689333
38.0,20.0,537.780356685791,180.0,25.0,3.0,True,True,0.9542633151196458,3.0,LC5,3.069947291813455,101.64392998951466
38.0,20.0,537.780356685791,180.0,30.0,3.0,True,True,0.7126174341863505,3.0,LC5,3.8839367501761464,84.70327499126222
40.0,5.0,523.780356685791,120.0,20.0,3.0,True,True,0.8486553889061224,3.0,LC5,1.3782665696282037,173.9440998217342
40.0,5.0,523.780356685791,120.0,25.0,3.0,True,True,0.5869458891975676,3.0,LC5,1.9728332120352543,139.15527985738737
40.0,5.0,523.780356685791,120.0,30.0,3.0,True,True,0.39014636084724885,3.0,LC5,2.567399854442306,115.96273321448946
40.0,5.0,523.780356685791,150.0,20.0,3.0,True,True,1.2714082492262544,3.0,LC5,1.9292509954450718,141.22567107884385
40.0,5.0,523.780356685791,150.0,25.0,3.0,True,True,0.9505218113094143,3.0,LC5,2.66156374430634,112.98053686307507
40.0,5.0,523.780356685791,150.0,30.0,3.0,True,True,0.7090770406919331,3.0,LC5,3.3938764931676078,94.1504473858959
40.0,5.0,523.780356685791,180.0,20.0,3.0,True,True,1.6799778206228884,3.0,LC5,2.4643072138347035,119.41361203130303
40.0,5.0,523.780356685791,180.0,25.0,3.0,True,True,1.3021377253593718,3.0,LC5,3.3303840172933787,95.53088962504243
40.0,5.0,523.780356685791,180.0,30.0,3.0,True,True,1.0176734565942485,3.0,LC5,4.196460820752055,79.60907468753535
40.0,10.0,528.780356685791,120.0,20.0,3.0,True,True,0.8414266417795608,3.0,LC5,1.368868450723355,174.63419611324517
40.0,10.0,528.780356685791,120.0,25.0,3.0,True,True,0.5807311975919118,3.0,LC5,1.9610855634041942,139.70735689059612
40.0,10.0,528.780356685791,120.0,30.0,3.0,True,True,0.38469623632661953,3.0,LC5,2.553302676085033,116.4227974088301
40.0,10.0,528.780356685791,150.0,20.0,3.0,True,True,1.2626761583992123,3.0,LC5,1.9178430883580084,141.7778218577544
40.0,10.0,528.780356685791,150.0,25.0,3.0,True,True,0.9430095070148818,3.0,LC5,2.647303860447511,113.4222574862035
40.0,10.0,528.780356685791,150.0,30.0,3.0,True,True,0.7024855377098824,3.0,LC5,3.3767646325370126,94.5185479051696
40.0,10.0,528.780356685791,180.0,20.0,3.0,True,True,1.669845887800685,3.0,LC5,2.451008057508472,119.87379649550009
40.0,10.0,528.780356685791,180.0,25.0,3.0,True,True,1.2934153311386356,3.0,LC5,3.31376007188559,95.89903719640007
40.0,10.0,528.780356685791,180.0,30.0,3.0,True,True,1.0100163601335415,3.0,LC5,4.176512086262708,79.91586433033339
40.0,15.0,533.780356685791,120.0,20.0,3.0,True,True,0.8342539485649012,3.0,LC5,1.3595439797256033,175.32431738704443
40.0,15.0,533.780356685791,120.0,25.0,3.0,True,True,0.5745647688797308,3.0,LC5,1.9494299746570043,140.25945390963554
40.0,15.0,533.780356685791,120.0,30.0,3.0,True,True,0.3792884847844378,3.0,LC5,2.5393159695884053,116.88287825802962
40.0,15.0,533.780356685791,150.0,20.0,3.0,True,True,1.2540106499452066,3.0,LC5,1.9065233017702985,142.3299917596171
40.0,15.0,533.780356685791,150.0,25.0,3.0,True,True,0.9355545897914868,3.0,LC5,2.6331541272128725,113.86399340769368
40.0,15.0,533.780356685791,150.0,30.0,3.0,True,True,0.6959444574396705,3.0,LC5,3.3597849526554473,94.88666117307807
40.0,15.0,533.780356685791,180.0,20.0,3.0,True,True,1.65978994393596,3.0,LC5,2.4378101832802,120.33399621714484
40.0,15.0,533.780356685791,180.0,25.0,3.0,True,True,1.284758496744594,3.0,LC5,3.2972627291002494,96.26719697371588
40.0,15.0,533.780356685791,180.0,30.0,3.0,True,True,1.0024169105075846,3.0,LC5,4.1567152749203,80.22266414476323
40.0,20.0,538.780356685791,120.0,20.0,3.0,True,True,0.8271366628241279,3.0,LC5,1.350292298248208,176.01446334927888
40.0,20.0,538.780356685791,120.0,25.0,3.0,True,True,0.5684460456329652,3.0,LC5,1.93786537281026,140.8115706794231
40.0,20.0,538.780356685791,120.0,30.0,3.0,True,True,0.3739226162659586,3.0,LC5,2.525438447372312,117.34297556618593
40.0,20.0,538.780356685791,150.0,20.0,3.0,True,True,1.2454109686736197,3.0,LC5,1.895290623091252,142.88218056272942
40.0,20.0,538.780356685791,150.0,25.0,3.0,True,True,0.9281564075371835,3.0,LC5,2.619113278864065,114.30574445018352
40.0,20.0,538.780356685791,150.0,30.0,3.0,True,True,0.6894532261192963,3.0,LC5,3.342935934636878,95.25478704181961
40.0,20.0,538.780356685791,180.0,20.0,3.0,True,True,1.6498091411368536,3.0,LC5,2.424712443506551,120.79421102185461
40.0,20.0,538.780356685791,180.0,25.0,3.0,True,True,1.2761664890546305,3.0,LC5,3.2808905543831886,96.63536881748368
40.0,20.0,538.780356685791,180.0,30.0,3.0,True,True,0.9948744620216636,3.0,LC5,4.137068665259826,80.52947401456974
