station_label,extra_above_E2_boundary_mm,station_above_U_mm,level,case,support_span_mm,Fx_thrust_requirement_kN,Fy_external_kN,Fz_external_kN,My_external_kNm,Mz_external_kNm,RLy_kN,RRy_kN,RLz_kN,RRz_kN,RL_kN,RR_kN,Rmax_kN,force_y_residual_kN,force_z_residual_kN,moment_y_residual_kNm,moment_z_residual_kNm
E2_BOUNDARY,0.0,498.780356685791,limit,LC0,120.0,0.0,0.0,7.452765957446808,-0.0,-0.0,-0.0,0.0,-3.726382978723404,-3.726382978723404,3.726382978723404,3.726382978723404,3.726382978723404,0.0,0.0,0.0,0.0
E2_BOUNDARY,0.0,498.780356685791,limit,LC0,150.0,0.0,0.0,7.452765957446808,-0.0,-0.0,-0.0,0.0,-3.726382978723404,-3.726382978723404,3.726382978723404,3.726382978723404,3.726382978723404,0.0,0.0,0.0,0.0
E2_BOUNDARY,0.0,498.780356685791,limit,LC0,180.0,0.0,0.0,7.452765957446808,-0.0,-0.0,-0.0,0.0,-3.726382978723404,-3.726382978723404,3.726382978723404,3.726382978723404,3.726382978723404,0.0,0.0,0.0,0.0
E2_BOUNDARY,0.0,498.780356685791,limit,LC1,120.0,0.0,0.0,25.02,-0.0,-0.0,-0.0,0.0,-12.51,-12.51,12.51,12.51,12.51,0.0,0.0,0.0,0.0
E2_BOUNDARY,0.0,498.780356685791,limit,LC1,150.0,0.0,0.0,25.02,-0.0,-0.0,-0.0,0.0,-12.51,-12.51,12.51,12.51,12.51,0.0,0.0,0.0,0.0
E2_BOUNDARY,0.0,498.780356685791,limit,LC1,180.0,0.0,0.0,25.02,-0.0,-0.0,-0.0,0.0,-12.51,-12.51,12.51,12.51,12.51,0.0,0.0,0.0,0.0
E2_BOUNDARY,0.0,498.780356685791,limit,LC2A,120.0,6.255,0.0,25.02,7.185621131069623,0.7505999999999999,6.255,-6.255,-72.39017609224686,47.370176092246865,72.65991067752911,47.78136255916606,72.65991067752911,0.0,3.552713678800501e-15,0.0,0.0
E2_BOUNDARY,0.0,498.780356685791,limit,LC2A,150.0,6.255,0.0,25.02,7.185621131069623,0.7505999999999999,5.004,-5.004,-60.414140873797486,35.39414087379749,60.621023032600235,35.74612180634736,60.621023032600235,0.0,3.552713678800501e-15,0.0,0.0
E2_BOUNDARY,0.0,498.780356685791,limit,LC2A,180.0,6.255,0.0,25.02,7.185621131069623,0.7505999999999999,4.17,-4.17,-52.430117394831235,27.41011739483124,52.59568527964803,27.725501539168413,52.59568527964803,0.0,3.552713678800501e-15,8.881784197001252e-16,0.0
E2_BOUNDARY,0.0,498.780356685791,limit,LC2B,120.0,6.255,0.0,25.02,-7.185621131069623,-0.7505999999999999,-6.255,6.255,47.370176092246865,-72.39017609224686,47.78136255916606,72.65991067752911,72.65991067752911,0.0,3.552713678800501e-15,0.0,0.0
E2_BOUNDARY,0.0,498.780356685791,limit,LC2B,150.0,6.255,0.0,25.02,-7.185621131069623,-0.7505999999999999,-5.004,5.004,35.39414087379749,-60.414140873797486,35.74612180634736,60.621023032600235,60.621023032600235,0.0,3.552713678800501e-15,0.0,0.0
E2_BOUNDARY,0.0,498.780356685791,limit,LC2B,180.0,6.255,0.0,25.02,-7.185621131069623,-0.7505999999999999,-4.17,4.17,27.41011739483124,-52.430117394831235,27.725501539168413,52.59568527964803,52.59568527964803,0.0,3.552713678800501e-15,-8.881784197001252e-16,0.0
E2_BOUNDARY,0.0,498.780356685791,limit,LC3,120.0,0.0,0.0,25.02,-0.0,-0.0,-0.0,0.0,-12.51,-12.51,12.51,12.51,12.51,0.0,0.0,0.0,0.0
E2_BOUNDARY,0.0,498.780356685791,limit,LC3,150.0,0.0,0.0,25.02,-0.0,-0.0,-0.0,0.0,-12.51,-12.51,12.51,12.51,12.51,0.0,0.0,0.0,0.0
E2_BOUNDARY,0.0,498.780356685791,limit,LC3,180.0,0.0,0.0,25.02,-0.0,-0.0,-0.0,0.0,-12.51,-12.51,12.51,12.51,12.51,0.0,0.0,0.0,0.0
E2_BOUNDARY,0.0,498.780356685791,limit,LC4+,120.0,0.0,8.34,11.0922,-0.0,-0.0,-4.17,-4.17,-5.5461,-5.5461,6.938885012017421,6.938885012017421,6.938885012017421,0.0,0.0,0.0,0.0
E2_BOUNDARY,0.0,498.780356685791,limit,LC4+,150.0,0.0,8.34,11.0922,-0.0,-0.0,-4.17,-4.17,-5.5461,-5.5461,6.938885012017421,6.938885012017421,6.938885012017421,0.0,0.0,0.0,0.0
E2_BOUNDARY,0.0,498.780356685791,limit,LC4+,180.0,0.0,8.34,11.0922,-0.0,-0.0,-4.17,-4.17,-5.5461,-5.5461,6.938885012017421,6.938885012017421,6.938885012017421,0.0,0.0,0.0,0.0
E2_BOUNDARY,0.0,498.780356685791,limit,LC4-,120.0,0.0,-8.34,11.0922,-0.0,-0.0,4.17,4.17,-5.5461,-5.5461,6.938885012017421,6.938885012017421,6.938885012017421,0.0,0.0,0.0,0.0
E2_BOUNDARY,0.0,498.780356685791,limit,LC4-,150.0,0.0,-8.34,11.0922,-0.0,-0.0,4.17,4.17,-5.5461,-5.5461,6.938885012017421,6.938885012017421,6.938885012017421,0.0,0.0,0.0,0.0
E2_BOUNDARY,0.0,498.780356685791,limit,LC4-,180.0,0.0,-8.34,11.0922,-0.0,-0.0,4.17,4.17,-5.5461,-5.5461,6.938885012017421,6.938885012017421,6.938885012017421,0.0,0.0,0.0,0.0
E2_BOUNDARY,0.0,498.780356685791,limit,LC5,120.0,8.87376,0.0,11.0922,10.194001177944106,1.0648512,8.87376,-8.87376,-90.49610981620089,79.4039098162009,90.93013531499604,79.89821343833017,90.93013531499604,0.0,8.881784197001252e-15,0.0,0.0
E2_BOUNDARY,0.0,498.780356685791,limit,LC5,150.0,8.87376,0.0,11.0922,10.194001177944106,1.0648512,7.099008000000001,-7.099008000000001,-73.50610785296071,62.41390785296071,73.84811308540765,62.81633392726716,73.84811308540765,0.0,1.7763568394002505e-15,-1.7763568394002505e-15,0.0
E2_BOUNDARY,0.0,498.780356685791,limit,LC5,180.0,8.87376,0.0,11.0922,10.194001177944106,1.0648512,5.915840000000001,-5.915840000000001,-62.17943987746726,51.087239877467255,62.46022659565978,51.42862278151613,62.46022659565978,0.0,-5.329070518200751e-15,0.0,0.0
E2_BOUNDARY,0.0,498.780356685791,ultimate,LC0,120.0,0.0,0.0,11.179148936170211,-0.0,-0.0,-0.0,0.0,-5.589574468085106,-5.589574468085106,5.589574468085106,5.589574468085106,5.589574468085106,0.0,0.0,0.0,0.0
E2_BOUNDARY,0.0,498.780356685791,ultimate,LC0,150.0,0.0,0.0,11.179148936170211,-0.0,-0.0,-0.0,0.0,-5.589574468085106,-5.589574468085106,5.589574468085106,5.589574468085106,5.589574468085106,0.0,0.0,0.0,0.0
E2_BOUNDARY,0.0,498.780356685791,ultimate,LC0,180.0,0.0,0.0,11.179148936170211,-0.0,-0.0,-0.0,0.0,-5.589574468085106,-5.589574468085106,5.589574468085106,5.589574468085106,5.589574468085106,0.0,0.0,0.0,0.0
E2_BOUNDARY,0.0,498.780356685791,ultimate,LC1,120.0,0.0,0.0,37.53,-0.0,-0.0,-0.0,0.0,-18.765,-18.765,18.765,18.765,18.765,0.0,0.0,0.0,0.0
E2_BOUNDARY,0.0,498.780356685791,ultimate,LC1,150.0,0.0,0.0,37.53,-0.0,-0.0,-0.0,0.0,-18.765,-18.765,18.765,18.765,18.765,0.0,0.0,0.0,0.0
E2_BOUNDARY,0.0,498.780356685791,ultimate,LC1,180.0,0.0,0.0,37.53,-0.0,-0.0,-0.0,0.0,-18.765,-18.765,18.765,18.765,18.765,0.0,0.0,0.0,0.0
E2_BOUNDARY,0.0,498.780356685791,ultimate,LC2A,120.0,9.3825,0.0,37.53,10.778431696604434,1.1259,9.3825,-9.3825,-108.58526413837029,71.05526413837029,108.98986601629366,71.67204383874909,108.98986601629366,0.0,0.0,0.0,0.0
E2_BOUNDARY,0.0,498.780356685791,ultimate,LC2A,150.0,9.3825,0.0,37.53,10.778431696604434,1.1259,7.505999999999999,-7.505999999999999,-90.62121131069622,53.091211310696224,90.93153454890034,53.61918270952103,90.93153454890034,0.0,0.0,0.0,0.0
E2_BOUNDARY,0.0,498.780356685791,ultimate,LC2A,180.0,9.3825,0.0,37.53,10.778431696604434,1.1259,6.255,-6.255,-78.64517609224686,41.115176092246855,78.89352791947205,41.588252308752615,78.89352791947205,0.0,0.0,0.0,0.0
E2_BOUNDARY,0.0,498.780356685791,ultimate,LC2B,120.0,9.3825,0.0,37.53,-10.778431696604434,-1.1259,-9.3825,9.3825,71.05526413837029,-108.58526413837029,71.67204383874909,108.98986601629366,108.98986601629366,0.0,0.0,0.0,0.0
E2_BOUNDARY,0.0,498.780356685791,ultimate,LC2B,150.0,9.3825,0.0,37.53,-10.778431696604434,-1.1259,-7.505999999999999,7.505999999999999,53.091211310696224,-90.62121131069622,53.61918270952103,90.93153454890034,90.93153454890034,0.0,0.0,0.0,0.0
E2_BOUNDARY,0.0,498.780356685791,ultimate,LC2B,180.0,9.3825,0.0,37.53,-10.778431696604434,-1.1259,-6.255,6.255,41.115176092246855,-78.64517609224686,41.588252308752615,78.89352791947205,78.89352791947205,0.0,0.0,0.0,0.0
E2_BOUNDARY,0.0,498.780356685791,ultimate,LC3,120.0,0.0,0.0,37.53,-0.0,-0.0,-0.0,0.0,-18.765,-18.765,18.765,18.765,18.765,0.0,0.0,0.0,0.0
E2_BOUNDARY,0.0,498.780356685791,ultimate,LC3,150.0,0.0,0.0,37.53,-0.0,-0.0,-0.0,0.0,-18.765,-18.765,18.765,18.765,18.765,0.0,0.0,0.0,0.0
E2_BOUNDARY,0.0,498.780356685791,ultimate,LC3,180.0,0.0,0.0,37.53,-0.0,-0.0,-0.0,0.0,-18.765,-18.765,18.765,18.765,18.765,0.0,0.0,0.0,0.0
E2_BOUNDARY,0.0,498.780356685791,ultimate,LC4+,120.0,0.0,12.51,16.638300000000005,-0.0,-0.0,-6.255,-6.255,-8.319150000000002,-8.319150000000002,10.408327518026132,10.408327518026132,10.408327518026132,0.0,0.0,0.0,0.0
E2_BOUNDARY,0.0,498.780356685791,ultimate,LC4+,150.0,0.0,12.51,16.638300000000005,-0.0,-0.0,-6.255,-6.255,-8.319150000000002,-8.319150000000002,10.408327518026132,10.408327518026132,10.408327518026132,0.0,0.0,0.0,0.0
E2_BOUNDARY,0.0,498.780356685791,ultimate,LC4+,180.0,0.0,12.51,16.638300000000005,-0.0,-0.0,-6.255,-6.255,-8.319150000000002,-8.319150000000002,10.408327518026132,10.408327518026132,10.408327518026132,0.0,0.0,0.0,0.0
E2_BOUNDARY,0.0,498.780356685791,ultimate,LC4-,120.0,0.0,-12.51,16.638300000000005,-0.0,-0.0,6.255,6.255,-8.319150000000002,-8.319150000000002,10.408327518026132,10.408327518026132,10.408327518026132,0.0,0.0,0.0,0.0
E2_BOUNDARY,0.0,498.780356685791,ultimate,LC4-,150.0,0.0,-12.51,16.638300000000005,-0.0,-0.0,6.255,6.255,-8.319150000000002,-8.319150000000002,10.408327518026132,10.408327518026132,10.408327518026132,0.0,0.0,0.0,0.0
E2_BOUNDARY,0.0,498.780356685791,ultimate,LC4-,180.0,0.0,-12.51,16.638300000000005,-0.0,-0.0,6.255,6.255,-8.319150000000002,-8.319150000000002,10.408327518026132,10.408327518026132,10.408327518026132,0.0,0.0,0.0,0.0
E2_BOUNDARY,0.0,498.780356685791,ultimate,LC5,120.0,13.31064,0.0,16.638300000000005,15.291001766916157,1.5972768,13.31064,-13.31064,-135.7441647243013,119.1058647243013,136.39520297249405,119.84732015749522,136.39520297249405,0.0,3.552713678800501e-15,1.7763568394002505e-15,0.0
E2_BOUNDARY,0.0,498.780356685791,ultimate,LC5,150.0,13.31064,0.0,16.638300000000005,15.291001766916157,1.5972768,10.648512,-10.648512,-110.25916177944106,93.62086177944104,110.77216962811147,94.22450089090071,110.77216962811147,0.0,-1.0658141036401503e-14,0.0,0.0
E2_BOUNDARY,0.0,498.780356685791,ultimate,LC5,180.0,13.31064,0.0,16.638300000000005,15.291001766916157,1.5972768,8.87376,-8.87376,-93.26915981620088,76.63085981620087,93.69033989348966,77.1429341722742,93.69033989348966,0.0,-1.0658141036401503e-14,0.0,-2.220446049250313e-16
E2_BOUNDARY_PLUS_25MM,25.0,523.780356685791,limit,LC0,120.0,0.0,0.0,7.452765957446808,-0.0,-0.0,-0.0,0.0,-3.726382978723404,-3.726382978723404,3.726382978723404,3.726382978723404,3.726382978723404,0.0,0.0,0.0,0.0
E2_BOUNDARY_PLUS_25MM,25.0,523.780356685791,limit,LC0,150.0,0.0,0.0,7.452765957446808,-0.0,-0.0,-0.0,0.0,-3.726382978723404,-3.726382978723404,3.726382978723404,3.726382978723404,3.726382978723404,0.0,0.0,0.0,0.0
E2_BOUNDARY_PLUS_25MM,25.0,523.780356685791,limit,LC0,180.0,0.0,0.0,7.452765957446808,-0.0,-0.0,-0.0,0.0,-3.726382978723404,-3.726382978723404,3.726382978723404,3.726382978723404,3.726382978723404,0.0,0.0,0.0,0.0
E2_BOUNDARY_PLUS_25MM,25.0,523.780356685791,limit,LC1,120.0,0.0,0.0,25.02,-0.0,-0.0,-0.0,0.0,-12.51,-12.51,12.51,12.51,12.51,0.0,0.0,0.0,0.0
E2_BOUNDARY_PLUS_25MM,25.0,523.780356685791,limit,LC1,150.0,0.0,0.0,25.02,-0.0,-0.0,-0.0,0.0,-12.51,-12.51,12.51,12.51,12.51,0.0,0.0,0.0,0.0
E2_BOUNDARY_PLUS_25MM,25.0,523.780356685791,limit,LC1,180.0,0.0,0.0,25.02,-0.0,-0.0,-0.0,0.0,-12.51,-12.51,12.51,12.51,12.51,0.0,0.0,0.0,0.0
E2_BOUNDARY_PLUS_25MM,25.0,523.780356685791,limit,LC2A,120.0,6.255,0.0,25.02,7.341996131069623,0.7505999999999999,6.255,-6.255,-73.69330109224686,48.67330109224686,73.95828317959085,49.07356991514393,73.95828317959085,0.0,3.552713678800501e-15,0.0,0.0
E2_BOUNDARY_PLUS_25MM,25.0,523.780356685791,limit,LC2A,150.0,6.255,0.0,25.02,7.341996131069623,0.7505999999999999,5.004,-5.004,-61.45664087379748,36.43664087379749,61.66002532833502,36.77864617092491,61.66002532833502,0.0,3.552713678800501e-15,0.0,0.0
E2_BOUNDARY_PLUS_25MM,25.0,523.780356685791,limit,LC2A,180.0,6.255,0.0,25.02,7.341996131069623,0.7505999999999999,4.17,-4.17,-53.298867394831234,28.278867394831238,53.46174487960344,28.584667938152602,53.46174487960344,0.0,3.552713678800501e-15,8.881784197001252e-16,0.0
E2_BOUNDARY_PLUS_25MM,25.0,523.780356685791,limit,LC2B,120.0,6.255,0.0,25.02,-7.341996131069623,-0.7505999999999999,-6.255,6.255,48.67330109224686,-73.69330109224686,49.07356991514393,73.95828317959085,73.95828317959085,0.0,3.552713678800501e-15,0.0,0.0
E2_BOUNDARY_PLUS_25MM,25.0,523.780356685791,limit,LC2B,150.0,6.255,0.0,25.02,-7.341996131069623,-0.7505999999999999,-5.004,5.004,36.43664087379749,-61.45664087379748,36.77864617092491,61.66002532833502,61.66002532833502,0.0,3.552713678800501e-15,0.0,0.0
E2_BOUNDARY_PLUS_25MM,25.0,523.780356685791,limit,LC2B,180.0,6.255,0.0,25.02,-7.341996131069623,-0.7505999999999999,-4.17,4.17,28.278867394831238,-53.298867394831234,28.584667938152602,53.46174487960344,53.46174487960344,0.0,3.552713678800501e-15,-8.881784197001252e-16,0.0
E2_BOUNDARY_PLUS_25MM,25.0,523.780356685791,limit,LC3,120.0,0.0,0.0,25.02,-0.0,-0.0,-0.0,0.0,-12.51,-12.51,12.51,12.51,12.51,0.0,0.0,0.0,0.0
E2_BOUNDARY_PLUS_25MM,25.0,523.780356685791,limit,LC3,150.0,0.0,0.0,25.02,-0.0,-0.0,-0.0,0.0,-12.51,-12.51,12.51,12.51,12.51,0.0,0.0,0.0,0.0
E2_BOUNDARY_PLUS_25MM,25.0,523.780356685791,limit,LC3,180.0,0.0,0.0,25.02,-0.0,-0.0,-0.0,0.0,-12.51,-12.51,12.51,12.51,12.51,0.0,0.0,0.0,0.0
E2_BOUNDARY_PLUS_25MM,25.0,523.780356685791,limit,LC4+,120.0,0.0,8.34,11.0922,-0.0,-0.0,-4.17,-4.17,-5.5461,-5.5461,6.938885012017421,6.938885012017421,6.938885012017421,0.0,0.0,0.0,0.0
E2_BOUNDARY_PLUS_25MM,25.0,523.780356685791,limit,LC4+,150.0,0.0,8.34,11.0922,-0.0,-0.0,-4.17,-4.17,-5.5461,-5.5461,6.938885012017421,6.938885012017421,6.938885012017421,0.0,0.0,0.0,0.0
E2_BOUNDARY_PLUS_25MM,25.0,523.780356685791,limit,LC4+,180.0,0.0,8.34,11.0922,-0.0,-0.0,-4.17,-4.17,-5.5461,-5.5461,6.938885012017421,6.938885012017421,6.938885012017421,0.0,0.0,0.0,0.0
E2_BOUNDARY_PLUS_25MM,25.0,523.780356685791,limit,LC4-,120.0,0.0,-8.34,11.0922,-0.0,-0.0,4.17,4.17,-5.5461,-5.5461,6.938885012017421,6.938885012017421,6.938885012017421,0.0,0.0,0.0,0.0
E2_BOUNDARY_PLUS_25MM,25.0,523.780356685791,limit,LC4-,150.0,0.0,-8.34,11.0922,-0.0,-0.0,4.17,4.17,-5.5461,-5.5461,6.938885012017421,6.938885012017421,6.938885012017421,0.0,0.0,0.0,0.0
E2_BOUNDARY_PLUS_25MM,25.0,523.780356685791,limit,LC4-,180.0,0.0,-8.34,11.0922,-0.0,-0.0,4.17,4.17,-5.5461,-5.5461,6.938885012017421,6.938885012017421,6.938885012017421,0.0,0.0,0.0,0.0
E2_BOUNDARY_PLUS_25MM,25.0,523.780356685791,limit,LC5,120.0,8.87376,0.0,11.0922,10.415845177944105,1.0648512,8.87376,-8.87376,-92.34480981620088,81.25260981620089,92.77018657159158,81.73573403647504,92.77018657159158,0.0,8.881784197001252e-15,0.0,0.0
E2_BOUNDARY_PLUS_25MM,25.0,523.780356685791,limit,LC5,150.0,8.87376,0.0,11.0922,10.415845177944105,1.0648512,7.099008000000001,-7.099008000000001,-74.9850678529607,63.8928678529607,75.32035790871672,64.28603640807204,75.32035790871672,0.0,1.7763568394002505e-15,0.0,0.0
E2_BOUNDARY_PLUS_25MM,25.0,523.780356685791,limit,LC5,180.0,8.87376,0.0,11.0922,10.415845177944105,1.0648512,5.915840000000001,-5.915840000000001,-63.41190654413392,52.319706544133915,63.687259750028296,52.65309920384449,63.687259750028296,0.0,-5.329070518200751e-15,0.0,0.0
E2_BOUNDARY_PLUS_25MM,25.0,523.780356685791,ultimate,LC0,120.0,0.0,0.0,11.179148936170211,-0.0,-0.0,-0.0,0.0,-5.589574468085106,-5.589574468085106,5.589574468085106,5.589574468085106,5.589574468085106,0.0,0.0,0.0,0.0
E2_BOUNDARY_PLUS_25MM,25.0,523.780356685791,ultimate,LC0,150.0,0.0,0.0,11.179148936170211,-0.0,-0.0,-0.0,0.0,-5.589574468085106,-5.589574468085106,5.589574468085106,5.589574468085106,5.589574468085106,0.0,0.0,0.0,0.0
E2_BOUNDARY_PLUS_25MM,25.0,523.780356685791,ultimate,LC0,180.0,0.0,0.0,11.179148936170211,-0.0,-0.0,-0.0,0.0,-5.589574468085106,-5.589574468085106,5.589574468085106,5.589574468085106,5.589574468085106,0.0,0.0,0.0,0.0
E2_BOUNDARY_PLUS_25MM,25.0,523.780356685791,ultimate,LC1,120.0,0.0,0.0,37.53,-0.0,-0.0,-0.0,0.0,-18.765,-18.765,18.765,18.765,18.765,0.0,0.0,0.0,0.0
E2_BOUNDARY_PLUS_25MM,25.0,523.780356685791,ultimate,LC1,150.0,0.0,0.0,37.53,-0.0,-0.0,-0.0,0.0,-18.765,-18.765,18.765,18.765,18.765,0.0,0.0,0.0,0.0
E2_BOUNDARY_PLUS_25MM,25.0,523.780356685791,ultimate,LC1,180.0,0.0,0.0,37.53,-0.0,-0.0,-0.0,0.0,-18.765,-18.765,18.765,18.765,18.765,0.0,0.0,0.0,0.0
E2_BOUNDARY_PLUS_25MM,25.0,523.780356685791,ultimate,LC2A,120.0,9.3825,0.0,37.53,11.012994196604433,1.1259,9.3825,-9.3825,-110.53995163837028,73.00995163837028,110.93742476938628,73.61035487271589,110.93742476938628,0.0,0.0,0.0,0.0
E2_BOUNDARY_PLUS_25MM,25.0,523.780356685791,ultimate,LC2A,150.0,9.3825,0.0,37.53,11.012994196604433,1.1259,7.505999999999999,-7.505999999999999,-92.18496131069622,54.65496131069622,92.49003799250252,55.16796925638736,92.49003799250252,0.0,0.0,0.0,0.0
E2_BOUNDARY_PLUS_25MM,25.0,523.780356685791,ultimate,LC2A,180.0,9.3825,0.0,37.53,11.012994196604433,1.1259,6.255,-6.255,-79.94830109224685,42.41830109224685,80.19261731940514,42.877001907228895,80.19261731940514,0.0,0.0,0.0,0.0
E2_BOUNDARY_PLUS_25MM,25.0,523.780356685791,ultimate,LC2B,120.0,9.3825,0.0,37.53,-11.012994196604433,-1.1259,-9.3825,9.3825,73.00995163837028,-110.53995163837028,73.61035487271589,110.93742476938628,110.93742476938628,0.0,0.0,0.0,0.0
E2_BOUNDARY_PLUS_25MM,25.0,523.780356685791,ultimate,LC2B,150.0,9.3825,0.0,37.53,-11.012994196604433,-1.1259,-7.505999999999999,7.505999999999999,54.65496131069622,-92.18496131069622,55.16796925638736,92.49003799250252,92.49003799250252,0.0,0.0,0.0,0.0
E2_BOUNDARY_PLUS_25MM,25.0,523.780356685791,ultimate,LC2B,180.0,9.3825,0.0,37.53,-11.012994196604433,-1.1259,-6.255,6.255,42.41830109224685,-79.94830109224685,42.877001907228895,80.19261731940514,80.19261731940514,0.0,0.0,0.0,0.0
E2_BOUNDARY_PLUS_25MM,25.0,523.780356685791,ultimate,LC3,120.0,0.0,0.0,37.53,-0.0,-0.0,-0.0,0.0,-18.765,-18.765,18.765,18.765,18.765,0.0,0.0,0.0,0.0
E2_BOUNDARY_PLUS_25MM,25.0,523.780356685791,ultimate,LC3,150.0,0.0,0.0,37.53,-0.0,-0.0,-0.0,0.0,-18.765,-18.765,18.765,18.765,18.765,0.0,0.0,0.0,0.0
E2_BOUNDARY_PLUS_25MM,25.0,523.780356685791,ultimate,LC3,180.0,0.0,0.0,37.53,-0.0,-0.0,-0.0,0.0,-18.765,-18.765,18.765,18.765,18.765,0.0,0.0,0.0,0.0
E2_BOUNDARY_PLUS_25MM,25.0,523.780356685791,ultimate,LC4+,120.0,0.0,12.51,16.638300000000005,-0.0,-0.0,-6.255,-6.255,-8.319150000000002,-8.319150000000002,10.408327518026132,10.408327518026132,10.408327518026132,0.0,0.0,0.0,0.0
E2_BOUNDARY_PLUS_25MM,25.0,523.780356685791,ultimate,LC4+,150.0,0.0,12.51,16.638300000000005,-0.0,-0.0,-6.255,-6.255,-8.319150000000002,-8.319150000000002,10.408327518026132,10.408327518026132,10.408327518026132,0.0,0.0,0.0,0.0
E2_BOUNDARY_PLUS_25MM,25.0,523.780356685791,ultimate,LC4+,180.0,0.0,12.51,16.638300000000005,-0.0,-0.0,-6.255,-6.255,-8.319150000000002,-8.319150000000002,10.408327518026132,10.408327518026132,10.408327518026132,0.0,0.0,0.0,0.0
E2_BOUNDARY_PLUS_25MM,25.0,523.780356685791,ultimate,LC4-,120.0,0.0,-12.51,16.638300000000005,-0.0,-0.0,6.255,6.255,-8.319150000000002,-8.319150000000002,10.408327518026132,10.408327518026132,10.408327518026132,0.0,0.0,0.0,0.0
E2_BOUNDARY_PLUS_25MM,25.0,523.780356685791,ultimate,LC4-,150.0,0.0,-12.51,16.638300000000005,-0.0,-0.0,6.255,6.255,-8.319150000000002,-8.319150000000002,10.408327518026132,10.408327518026132,10.408327518026132,0.0,0.0,0.0,0.0
E2_BOUNDARY_PLUS_25MM,25.0,523.780356685791,ultimate,LC4-,180.0,0.0,-12.51,16.638300000000005,-0.0,-0.0,6.255,6.255,-8.319150000000002,-8.319150000000002,10.408327518026132,10.408327518026132,10.408327518026132,0.0,0.0,0.0,0.0
E2_BOUNDARY_PLUS_25MM,25.0,523.780356685791,ultimate,LC5,120.0,13.31064,0.0,16.638300000000005,15.623767766916156,1.5972768,13.31064,-13.31064,-138.5172147243013,121.8789147243013,139.15527985738737,122.60360105471253,139.15527985738737,0.0,-1.0658141036401503e-14,0.0,0.0
E2_BOUNDARY_PLUS_25MM,25.0,523.780356685791,ultimate,LC5,150.0,13.31064,0.0,16.638300000000005,15.623767766916156,1.5972768,10.648512,-10.648512,-112.47760177944106,95.83930177944104,112.98053686307507,96.42905461210805,112.98053686307507,0.0,-1.0658141036401503e-14,0.0,0.0
E2_BOUNDARY_PLUS_25MM,25.0,523.780356685791,ultimate,LC5,180.0,13.31064,0.0,16.638300000000005,15.623767766916156,1.5972768,8.87376,-8.87376,-95.11785981620088,78.47955981620086,95.53088962504245,78.97964880576673,95.53088962504245,0.0,-1.0658141036401503e-14,0.0,-2.220446049250313e-16
E2_BOUNDARY_PLUS_50MM,50.0,548.780356685791,limit,LC0,120.0,0.0,0.0,7.452765957446808,-0.0,-0.0,-0.0,0.0,-3.726382978723404,-3.726382978723404,3.726382978723404,3.726382978723404,3.726382978723404,0.0,0.0,0.0,0.0
E2_BOUNDARY_PLUS_50MM,50.0,548.780356685791,limit,LC0,150.0,0.0,0.0,7.452765957446808,-0.0,-0.0,-0.0,0.0,-3.726382978723404,-3.726382978723404,3.726382978723404,3.726382978723404,3.726382978723404,0.0,0.0,0.0,0.0
E2_BOUNDARY_PLUS_50MM,50.0,548.780356685791,limit,LC0,180.0,0.0,0.0,7.452765957446808,-0.0,-0.0,-0.0,0.0,-3.726382978723404,-3.726382978723404,3.726382978723404,3.726382978723404,3.726382978723404,0.0,0.0,0.0,0.0
E2_BOUNDARY_PLUS_50MM,50.0,548.780356685791,limit,LC1,120.0,0.0,0.0,25.02,-0.0,-0.0,-0.0,0.0,-12.51,-12.51,12.51,12.51,12.51,0.0,0.0,0.0,0.0
E2_BOUNDARY_PLUS_50MM,50.0,548.780356685791,limit,LC1,150.0,0.0,0.0,25.02,-0.0,-0.0,-0.0,0.0,-12.51,-12.51,12.51,12.51,12.51,0.0,0.0,0.0,0.0
E2_BOUNDARY_PLUS_50MM,50.0,548.780356685791,limit,LC1,180.0,0.0,0.0,25.02,-0.0,-0.0,-0.0,0.0,-12.51,-12.51,12.51,12.51,12.51,0.0,0.0,0.0,0.0
E2_BOUNDARY_PLUS_50MM,50.0,548.780356685791,limit,LC2A,120.0,6.255,0.0,25.02,7.498371131069623,0.7505999999999999,6.255,-6.255,-74.99642609224686,49.97642609224687,75.25681996742784,50.3663398506762,75.25681996742784,0.0,3.552713678800501e-15,0.0,0.0
E2_BOUNDARY_PLUS_50MM,50.0,548.780356685791,limit,LC2A,150.0,6.255,0.0,25.02,7.498371131069623,0.7505999999999999,5.004,-5.004,-62.49914087379749,37.47914087379749,62.69914374186288,37.81171798051442,62.69914374186288,0.0,3.552713678800501e-15,0.0,0.0
E2_BOUNDARY_PLUS_50MM,50.0,548.780356685791,limit,LC2A,180.0,6.255,0.0,25.02,7.498371131069623,0.7505999999999999,4.17,-4.17,-54.16761739483124,29.147617394831244,54.32789039004574,29.444396747012306,54.32789039004574,0.0,3.552713678800501e-15,0.0,0.0
E2_BOUNDARY_PLUS_50MM,50.0,548.780356685791,limit,LC2B,120.0,6.255,0.0,25.02,-7.498371131069623,-0.7505999999999999,-6.255,6.255,49.97642609224687,-74.99642609224686,50.3663398506762,75.25681996742784,75.25681996742784,0.0,3.552713678800501e-15,0.0,0.0
E2_BOUNDARY_PLUS_50MM,50.0,548.780356685791,limit,LC2B,150.0,6.255,0.0,25.02,-7.498371131069623,-0.7505999999999999,-5.004,5.004,37.47914087379749,-62.49914087379749,37.81171798051442,62.69914374186288,62.69914374186288,0.0,3.552713678800501e-15,0.0,0.0
E2_BOUNDARY_PLUS_50MM,50.0,548.780356685791,limit,LC2B,180.0,6.255,0.0,25.02,-7.498371131069623,-0.7505999999999999,-4.17,4.17,29.147617394831244,-54.16761739483124,29.444396747012306,54.32789039004574,54.32789039004574,0.0,3.552713678800501e-15,0.0,0.0
E2_BOUNDARY_PLUS_50MM,50.0,548.780356685791,limit,LC3,120.0,0.0,0.0,25.02,-0.0,-0.0,-0.0,0.0,-12.51,-12.51,12.51,12.51,12.51,0.0,0.0,0.0,0.0
E2_BOUNDARY_PLUS_50MM,50.0,548.780356685791,limit,LC3,150.0,0.0,0.0,25.02,-0.0,-0.0,-0.0,0.0,-12.51,-12.51,12.51,12.51,12.51,0.0,0.0,0.0,0.0
E2_BOUNDARY_PLUS_50MM,50.0,548.780356685791,limit,LC3,180.0,0.0,0.0,25.02,-0.0,-0.0,-0.0,0.0,-12.51,-12.51,12.51,12.51,12.51,0.0,0.0,0.0,0.0
E2_BOUNDARY_PLUS_50MM,50.0,548.780356685791,limit,LC4+,120.0,0.0,8.34,11.0922,-0.0,-0.0,-4.17,-4.17,-5.5461,-5.5461,6.938885012017421,6.938885012017421,6.938885012017421,0.0,0.0,0.0,0.0
E2_BOUNDARY_PLUS_50MM,50.0,548.780356685791,limit,LC4+,150.0,0.0,8.34,11.0922,-0.0,-0.0,-4.17,-4.17,-5.5461,-5.5461,6.938885012017421,6.938885012017421,6.938885012017421,0.0,0.0,0.0,0.0
E2_BOUNDARY_PLUS_50MM,50.0,548.780356685791,limit,LC4+,180.0,0.0,8.34,11.0922,-0.0,-0.0,-4.17,-4.17,-5.5461,-5.5461,6.938885012017421,6.938885012017421,6.938885012017421,0.0,0.0,0.0,0.0
E2_BOUNDARY_PLUS_50MM,50.0,548.780356685791,limit,LC4-,120.0,0.0,-8.34,11.0922,-0.0,-0.0,4.17,4.17,-5.5461,-5.5461,6.938885012017421,6.938885012017421,6.938885012017421,0.0,0.0,0.0,0.0
E2_BOUNDARY_PLUS_50MM,50.0,548.780356685791,limit,LC4-,150.0,0.0,-8.34,11.0922,-0.0,-0.0,4.17,4.17,-5.5461,-5.5461,6.938885012017421,6.938885012017421,6.938885012017421,0.0,0.0,0.0,0.0
E2_BOUNDARY_PLUS_50MM,50.0,548.780356685791,limit,LC4-,180.0,0.0,-8.34,11.0922,-0.0,-0.0,4.17,4.17,-5.5461,-5.5461,6.938885012017421,6.938885012017421,6.938885012017421,0.0,0.0,0.0,0.0
E2_BOUNDARY_PLUS_50MM,50.0,548.780356685791,limit,LC5,120.0,8.87376,0.0,11.0922,10.637689177944106,1.0648512,8.87376,-8.87376,-94.19350981620087,83.10130981620088,94.6105750327749,83.57374773040758,94.6105750327749,0.0,8.881784197001252e-15,0.0,0.0
E2_BOUNDARY_PLUS_50MM,50.0,548.780356685791,limit,LC5,150.0,8.87376,0.0,11.0922,10.637689177944106,1.0648512,7.099008000000001,-7.099008000000001,-76.4640278529607,65.3718278529607,76.79286080152512,65.75615401938585,76.79286080152512,0.0,8.881784197001252e-15,0.0,0.0
E2_BOUNDARY_PLUS_50MM,50.0,548.780356685791,limit,LC5,180.0,8.87376,0.0,11.0922,10.637689177944106,1.0648512,5.915840000000001,-5.915840000000001,-64.6443732108006,53.55217321080059,64.91449877125197,53.877939998715505,64.91449877125197,0.0,-5.329070518200751e-15,0.0,0.0
E2_BOUNDARY_PLUS_50MM,50.0,548.780356685791,ultimate,LC0,120.0,0.0,0.0,11.179148936170211,-0.0,-0.0,-0.0,0.0,-5.589574468085106,-5.589574468085106,5.589574468085106,5.589574468085106,5.589574468085106,0.0,0.0,0.0,0.0
E2_BOUNDARY_PLUS_50MM,50.0,548.780356685791,ultimate,LC0,150.0,0.0,0.0,11.179148936170211,-0.0,-0.0,-0.0,0.0,-5.589574468085106,-5.589574468085106,5.589574468085106,5.589574468085106,5.589574468085106,0.0,0.0,0.0,0.0
E2_BOUNDARY_PLUS_50MM,50.0,548.780356685791,ultimate,LC0,180.0,0.0,0.0,11.179148936170211,-0.0,-0.0,-0.0,0.0,-5.589574468085106,-5.589574468085106,5.589574468085106,5.589574468085106,5.589574468085106,0.0,0.0,0.0,0.0
E2_BOUNDARY_PLUS_50MM,50.0,548.780356685791,ultimate,LC1,120.0,0.0,0.0,37.53,-0.0,-0.0,-0.0,0.0,-18.765,-18.765,18.765,18.765,18.765,0.0,0.0,0.0,0.0
E2_BOUNDARY_PLUS_50MM,50.0,548.780356685791,ultimate,LC1,150.0,0.0,0.0,37.53,-0.0,-0.0,-0.0,0.0,-18.765,-18.765,18.765,18.765,18.765,0.0,0.0,0.0,0.0
E2_BOUNDARY_PLUS_50MM,50.0,548.780356685791,ultimate,LC1,180.0,0.0,0.0,37.53,-0.0,-0.0,-0.0,0.0,-18.765,-18.765,18.765,18.765,18.765,0.0,0.0,0.0,0.0
E2_BOUNDARY_PLUS_50MM,50.0,548.780356685791,ultimate,LC2A,120.0,9.3825,0.0,37.53,11.247556696604436,1.1259,9.3825,-9.3825,-112.4946391383703,74.9646391383703,112.88522995114177,75.5495097760143,112.88522995114177,0.0,0.0,0.0,0.0
E2_BOUNDARY_PLUS_50MM,50.0,548.780356685791,ultimate,LC2A,150.0,9.3825,0.0,37.53,11.247556696604436,1.1259,7.505999999999999,-7.505999999999999,-93.74871131069624,56.218711310696236,94.04871561279434,56.71757697077163,94.04871561279434,0.0,0.0,0.0,0.0
E2_BOUNDARY_PLUS_50MM,50.0,548.780356685791,ultimate,LC2A,180.0,9.3825,0.0,37.53,11.247556696604436,1.1259,6.255,-6.255,-81.25142609224687,43.721426092246865,81.49183558506861,44.16659512051846,81.49183558506861,0.0,-7.105427357601002e-15,-1.7763568394002505e-15,0.0
E2_BOUNDARY_PLUS_50MM,50.0,548.780356685791,ultimate,LC2B,120.0,9.3825,0.0,37.53,-11.247556696604436,-1.1259,-9.3825,9.3825,74.9646391383703,-112.4946391383703,75.5495097760143,112.88522995114177,112.88522995114177,0.0,0.0,0.0,0.0
E2_BOUNDARY_PLUS_50MM,50.0,548.780356685791,ultimate,LC2B,150.0,9.3825,0.0,37.53,-11.247556696604436,-1.1259,-7.505999999999999,7.505999999999999,56.218711310696236,-93.74871131069624,56.71757697077163,94.04871561279434,94.04871561279434,0.0,0.0,0.0,0.0
E2_BOUNDARY_PLUS_50MM,50.0,548.780356685791,ultimate,LC2B,180.0,9.3825,0.0,37.53,-11.247556696604436,-1.1259,-6.255,6.255,43.721426092246865,-81.25142609224687,44.16659512051846,81.49183558506861,81.49183558506861,0.0,-7.105427357601002e-15,1.7763568394002505e-15,0.0
E2_BOUNDARY_PLUS_50MM,50.0,548.780356685791,ultimate,LC3,120.0,0.0,0.0,37.53,-0.0,-0.0,-0.0,0.0,-18.765,-18.765,18.765,18.765,18.765,0.0,0.0,0.0,0.0
E2_BOUNDARY_PLUS_50MM,50.0,548.780356685791,ultimate,LC3,150.0,0.0,0.0,37.53,-0.0,-0.0,-0.0,0.0,-18.765,-18.765,18.765,18.765,18.765,0.0,0.0,0.0,0.0
E2_BOUNDARY_PLUS_50MM,50.0,548.780356685791,ultimate,LC3,180.0,0.0,0.0,37.53,-0.0,-0.0,-0.0,0.0,-18.765,-18.765,18.765,18.765,18.765,0.0,0.0,0.0,0.0
E2_BOUNDARY_PLUS_50MM,50.0,548.780356685791,ultimate,LC4+,120.0,0.0,12.51,16.638300000000005,-0.0,-0.0,-6.255,-6.255,-8.319150000000002,-8.319150000000002,10.408327518026132,10.408327518026132,10.408327518026132,0.0,0.0,0.0,0.0
E2_BOUNDARY_PLUS_50MM,50.0,548.780356685791,ultimate,LC4+,150.0,0.0,12.51,16.638300000000005,-0.0,-0.0,-6.255,-6.255,-8.319150000000002,-8.319150000000002,10.408327518026132,10.408327518026132,10.408327518026132,0.0,0.0,0.0,0.0
E2_BOUNDARY_PLUS_50MM,50.0,548.780356685791,ultimate,LC4+,180.0,0.0,12.51,16.638300000000005,-0.0,-0.0,-6.255,-6.255,-8.319150000000002,-8.319150000000002,10.408327518026132,10.408327518026132,10.408327518026132,0.0,0.0,0.0,0.0
E2_BOUNDARY_PLUS_50MM,50.0,548.780356685791,ultimate,LC4-,120.0,0.0,-12.51,16.638300000000005,-0.0,-0.0,6.255,6.255,-8.319150000000002,-8.319150000000002,10.408327518026132,10.408327518026132,10.408327518026132,0.0,0.0,0.0,0.0
E2_BOUNDARY_PLUS_50MM,50.0,548.780356685791,ultimate,LC4-,150.0,0.0,-12.51,16.638300000000005,-0.0,-0.0,6.255,6.255,-8.319150000000002,-8.319150000000002,10.408327518026132,10.408327518026132,10.408327518026132,0.0,0.0,0.0,0.0
E2_BOUNDARY_PLUS_50MM,50.0,548.780356685791,ultimate,LC4-,180.0,0.0,-12.51,16.638300000000005,-0.0,-0.0,6.255,6.255,-8.319150000000002,-8.319150000000002,10.408327518026132,10.408327518026132,10.408327518026132,0.0,0.0,0.0,0.0
E2_BOUNDARY_PLUS_50MM,50.0,548.780356685791,ultimate,LC5,120.0,13.31064,0.0,16.638300000000005,15.956533766916158,1.5972768,13.31064,-13.31064,-141.29026472430132,124.65196472430131,141.91586254916237,125.36062159561135,141.91586254916237,0.0,-1.0658141036401503e-14,0.0,0.0
E2_BOUNDARY_PLUS_50MM,50.0,548.780356685791,ultimate,LC5,150.0,13.31064,0.0,16.638300000000005,15.956533766916158,1.5972768,10.648512,-10.648512,-114.69604177944106,98.05774177944105,115.18929120228769,98.63423102907875,115.18929120228769,0.0,-1.0658141036401503e-14,0.0,0.0
E2_BOUNDARY_PLUS_50MM,50.0,548.780356685791,ultimate,LC5,180.0,13.31064,0.0,16.638300000000005,15.956533766916158,1.5972768,8.87376,-8.87376,-96.96655981620088,80.32825981620087,97.37174815687794,80.81690999807324,97.37174815687794,0.0,-1.0658141036401503e-14,0.0,-2.220446049250313e-16
E2_BOUNDARY_PLUS_75MM,75.0,573.780356685791,limit,LC0,120.0,0.0,0.0,7.452765957446808,-0.0,-0.0,-0.0,0.0,-3.726382978723404,-3.726382978723404,3.726382978723404,3.726382978723404,3.726382978723404,0.0,0.0,0.0,0.0
E2_BOUNDARY_PLUS_75MM,75.0,573.780356685791,limit,LC0,150.0,0.0,0.0,7.452765957446808,-0.0,-0.0,-0.0,0.0,-3.726382978723404,-3.726382978723404,3.726382978723404,3.726382978723404,3.726382978723404,0.0,0.0,0.0,0.0
E2_BOUNDARY_PLUS_75MM,75.0,573.780356685791,limit,LC0,180.0,0.0,0.0,7.452765957446808,-0.0,-0.0,-0.0,0.0,-3.726382978723404,-3.726382978723404,3.726382978723404,3.726382978723404,3.726382978723404,0.0,0.0,0.0,0.0
E2_BOUNDARY_PLUS_75MM,75.0,573.780356685791,limit,LC1,120.0,0.0,0.0,25.02,-0.0,-0.0,-0.0,0.0,-12.51,-12.51,12.51,12.51,12.51,0.0,0.0,0.0,0.0
E2_BOUNDARY_PLUS_75MM,75.0,573.780356685791,limit,LC1,150.0,0.0,0.0,25.02,-0.0,-0.0,-0.0,0.0,-12.51,-12.51,12.51,12.51,12.51,0.0,0.0,0.0,0.0
E2_BOUNDARY_PLUS_75MM,75.0,573.780356685791,limit,LC1,180.0,0.0,0.0,25.02,-0.0,-0.0,-0.0,0.0,-12.51,-12.51,12.51,12.51,12.51,0.0,0.0,0.0,0.0
E2_BOUNDARY_PLUS_75MM,75.0,573.780356685791,limit,LC2A,120.0,6.255,0.0,25.02,7.654746131069622,0.7505999999999999,6.255,-6.255,-76.29955109224686,51.279551092246855,76.5555126811805,51.65963013052219,76.5555126811805,0.0,-3.552713678800501e-15,0.0,0.0
E2_BOUNDARY_PLUS_75MM,75.0,573.780356685791,limit,LC2A,150.0,6.255,0.0,25.02,7.654746131069622,0.7505999999999999,5.004,-5.004,-63.54164087379748,38.52164087379749,63.73837259402417,38.84529355803384,63.73837259402417,0.0,3.552713678800501e-15,0.0,0.0
E2_BOUNDARY_PLUS_75MM,75.0,573.780356685791,limit,LC2A,180.0,6.255,0.0,25.02,7.654746131069622,0.7505999999999999,4.17,-4.17,-55.03636739483123,30.016367394831235,55.19411776646894,30.304640099850843,55.19411776646894,0.0,3.552713678800501e-15,0.0,0.0
E2_BOUNDARY_PLUS_75MM,75.0,573.780356685791,limit,LC2B,120.0,6.255,0.0,25.02,-7.654746131069622,-0.7505999999999999,-6.255,6.255,51.279551092246855,-76.29955109224686,51.65963013052219,76.5555126811805,76.5555126811805,0.0,-3.552713678800501e-15,0.0,0.0
E2_BOUNDARY_PLUS_75MM,75.0,573.780356685791,limit,LC2B,150.0,6.255,0.0,25.02,-7.654746131069622,-0.7505999999999999,-5.004,5.004,38.52164087379749,-63.54164087379748,38.84529355803384,63.73837259402417,63.73837259402417,0.0,3.552713678800501e-15,0.0,0.0
E2_BOUNDARY_PLUS_75MM,75.0,573.780356685791,limit,LC2B,180.0,6.255,0.0,25.02,-7.654746131069622,-0.7505999999999999,-4.17,4.17,30.016367394831235,-55.03636739483123,30.304640099850843,55.19411776646894,55.19411776646894,0.0,3.552713678800501e-15,0.0,0.0
E2_BOUNDARY_PLUS_75MM,75.0,573.780356685791,limit,LC3,120.0,0.0,0.0,25.02,-0.0,-0.0,-0.0,0.0,-12.51,-12.51,12.51,12.51,12.51,0.0,0.0,0.0,0.0
E2_BOUNDARY_PLUS_75MM,75.0,573.780356685791,limit,LC3,150.0,0.0,0.0,25.02,-0.0,-0.0,-0.0,0.0,-12.51,-12.51,12.51,12.51,12.51,0.0,0.0,0.0,0.0
E2_BOUNDARY_PLUS_75MM,75.0,573.780356685791,limit,LC3,180.0,0.0,0.0,25.02,-0.0,-0.0,-0.0,0.0,-12.51,-12.51,12.51,12.51,12.51,0.0,0.0,0.0,0.0
E2_BOUNDARY_PLUS_75MM,75.0,573.780356685791,limit,LC4+,120.0,0.0,8.34,11.0922,-0.0,-0.0,-4.17,-4.17,-5.5461,-5.5461,6.938885012017421,6.938885012017421,6.938885012017421,0.0,0.0,0.0,0.0
E2_BOUNDARY_PLUS_75MM,75.0,573.780356685791,limit,LC4+,150.0,0.0,8.34,11.0922,-0.0,-0.0,-4.17,-4.17,-5.5461,-5.5461,6.938885012017421,6.938885012017421,6.938885012017421,0.0,0.0,0.0,0.0
E2_BOUNDARY_PLUS_75MM,75.0,573.780356685791,limit,LC4+,180.0,0.0,8.34,11.0922,-0.0,-0.0,-4.17,-4.17,-5.5461,-5.5461,6.938885012017421,6.938885012017421,6.938885012017421,0.0,0.0,0.0,0.0
E2_BOUNDARY_PLUS_75MM,75.0,573.780356685791,limit,LC4-,120.0,0.0,-8.34,11.0922,-0.0,-0.0,4.17,4.17,-5.5461,-5.5461,6.938885012017421,6.938885012017421,6.938885012017421,0.0,0.0,0.0,0.0
E2_BOUNDARY_PLUS_75MM,75.0,573.780356685791,limit,LC4-,150.0,0.0,-8.34,11.0922,-0.0,-0.0,4.17,4.17,-5.5461,-5.5461,6.938885012017421,6.938885012017421,6.938885012017421,0.0,0.0,0.0,0.0
E2_BOUNDARY_PLUS_75MM,75.0,573.780356685791,limit,LC4-,180.0,0.0,-8.34,11.0922,-0.0,-0.0,4.17,4.17,-5.5461,-5.5461,6.938885012017421,6.938885012017421,6.938885012017421,0.0,0.0,0.0,0.0
E2_BOUNDARY_PLUS_75MM,75.0,573.780356685791,limit,LC5,120.0,8.87376,0.0,11.0922,10.859533177944106,1.0648512,8.87376,-8.87376,-96.04220981620088,84.95000981620089,96.45128139592939,85.41222268686272,96.45128139592939,0.0,8.881784197001252e-15,0.0,0.0
E2_BOUNDARY_PLUS_75MM,75.0,573.780356685791,limit,LC5,150.0,8.87376,0.0,11.0922,10.859533177944106,1.0648512,7.099008000000001,-7.099008000000001,-77.94298785296071,66.85078785296072,78.26560719773946,67.22665952689918,78.26560719773946,0.0,8.881784197001252e-15,0.0,0.0
E2_BOUNDARY_PLUS_75MM,75.0,573.780356685791,limit,LC5,180.0,8.87376,0.0,11.0922,10.859533177944106,1.0648512,5.915840000000001,-5.915840000000001,-65.87683987746726,54.78463987746726,66.14193219998234,55.103120868144806,66.14193219998234,0.0,-5.329070518200751e-15,0.0,0.0
E2_BOUNDARY_PLUS_75MM,75.0,573.780356685791,ultimate,LC0,120.0,0.0,0.0,11.179148936170211,-0.0,-0.0,-0.0,0.0,-5.589574468085106,-5.589574468085106,5.589574468085106,5.589574468085106,5.589574468085106,0.0,0.0,0.0,0.0
E2_BOUNDARY_PLUS_75MM,75.0,573.780356685791,ultimate,LC0,150.0,0.0,0.0,11.179148936170211,-0.0,-0.0,-0.0,0.0,-5.589574468085106,-5.589574468085106,5.589574468085106,5.589574468085106,5.589574468085106,0.0,0.0,0.0,0.0
E2_BOUNDARY_PLUS_75MM,75.0,573.780356685791,ultimate,LC0,180.0,0.0,0.0,11.179148936170211,-0.0,-0.0,-0.0,0.0,-5.589574468085106,-5.589574468085106,5.589574468085106,5.589574468085106,5.589574468085106,0.0,0.0,0.0,0.0
E2_BOUNDARY_PLUS_75MM,75.0,573.780356685791,ultimate,LC1,120.0,0.0,0.0,37.53,-0.0,-0.0,-0.0,0.0,-18.765,-18.765,18.765,18.765,18.765,0.0,0.0,0.0,0.0
E2_BOUNDARY_PLUS_75MM,75.0,573.780356685791,ultimate,LC1,150.0,0.0,0.0,37.53,-0.0,-0.0,-0.0,0.0,-18.765,-18.765,18.765,18.765,18.765,0.0,0.0,0.0,0.0
E2_BOUNDARY_PLUS_75MM,75.0,573.780356685791,ultimate,LC1,180.0,0.0,0.0,37.53,-0.0,-0.0,-0.0,0.0,-18.765,-18.765,18.765,18.765,18.765,0.0,0.0,0.0,0.0
E2_BOUNDARY_PLUS_75MM,75.0,573.780356685791,ultimate,LC2A,120.0,9.3825,0.0,37.53,11.482119196604435,1.1259,9.3825,-9.3825,-114.4493266383703,76.9193266383703,114.83326902177076,77.48944519578329,114.83326902177076,0.0,0.0,0.0,0.0
E2_BOUNDARY_PLUS_75MM,75.0,573.780356685791,ultimate,LC2A,150.0,9.3825,0.0,37.53,11.482119196604435,1.1259,7.505999999999999,-7.505999999999999,-95.31246131069624,57.782461310696235,95.60755889103626,58.26794033705076,95.60755889103626,0.0,0.0,0.0,0.0
E2_BOUNDARY_PLUS_75MM,75.0,573.780356685791,ultimate,LC2A,180.0,9.3825,0.0,37.53,11.482119196604435,1.1259,6.255,-6.255,-82.55455109224687,45.02455109224686,82.79117664970343,45.45696014977627,82.79117664970343,0.0,-7.105427357601002e-15,0.0,0.0
E2_BOUNDARY_PLUS_75MM,75.0,573.780356685791,ultimate,LC2B,120.0,9.3825,0.0,37.53,-11.482119196604435,-1.1259,-9.3825,9.3825,76.9193266383703,-114.4493266383703,77.48944519578329,114.83326902177076,114.83326902177076,0.0,0.0,0.0,0.0
E2_BOUNDARY_PLUS_75MM,75.0,573.780356685791,ultimate,LC2B,150.0,9.3825,0.0,37.53,-11.482119196604435,-1.1259,-7.505999999999999,7.505999999999999,57.782461310696235,-95.31246131069624,58.26794033705076,95.60755889103626,95.60755889103626,0.0,0.0,0.0,0.0
E2_BOUNDARY_PLUS_75MM,75.0,573.780356685791,ultimate,LC2B,180.0,9.3825,0.0,37.53,-11.482119196604435,-1.1259,-6.255,6.255,45.02455109224686,-82.55455109224687,45.45696014977627,82.79117664970343,82.79117664970343,0.0,-7.105427357601002e-15,0.0,0.0
E2_BOUNDARY_PLUS_75MM,75.0,573.780356685791,ultimate,LC3,120.0,0.0,0.0,37.53,-0.0,-0.0,-0.0,0.0,-18.765,-18.765,18.765,18.765,18.765,0.0,0.0,0.0,0.0
E2_BOUNDARY_PLUS_75MM,75.0,573.780356685791,ultimate,LC3,150.0,0.0,0.0,37.53,-0.0,-0.0,-0.0,0.0,-18.765,-18.765,18.765,18.765,18.765,0.0,0.0,0.0,0.0
E2_BOUNDARY_PLUS_75MM,75.0,573.780356685791,ultimate,LC3,180.0,0.0,0.0,37.53,-0.0,-0.0,-0.0,0.0,-18.765,-18.765,18.765,18.765,18.765,0.0,0.0,0.0,0.0
E2_BOUNDARY_PLUS_75MM,75.0,573.780356685791,ultimate,LC4+,120.0,0.0,12.51,16.638300000000005,-0.0,-0.0,-6.255,-6.255,-8.319150000000002,-8.319150000000002,10.408327518026132,10.408327518026132,10.408327518026132,0.0,0.0,0.0,0.0
E2_BOUNDARY_PLUS_75MM,75.0,573.780356685791,ultimate,LC4+,150.0,0.0,12.51,16.638300000000005,-0.0,-0.0,-6.255,-6.255,-8.319150000000002,-8.319150000000002,10.408327518026132,10.408327518026132,10.408327518026132,0.0,0.0,0.0,0.0
E2_BOUNDARY_PLUS_75MM,75.0,573.780356685791,ultimate,LC4+,180.0,0.0,12.51,16.638300000000005,-0.0,-0.0,-6.255,-6.255,-8.319150000000002,-8.319150000000002,10.408327518026132,10.408327518026132,10.408327518026132,0.0,0.0,0.0,0.0
E2_BOUNDARY_PLUS_75MM,75.0,573.780356685791,ultimate,LC4-,120.0,0.0,-12.51,16.638300000000005,-0.0,-0.0,6.255,6.255,-8.319150000000002,-8.319150000000002,10.408327518026132,10.408327518026132,10.408327518026132,0.0,0.0,0.0,0.0
E2_BOUNDARY_PLUS_75MM,75.0,573.780356685791,ultimate,LC4-,150.0,0.0,-12.51,16.638300000000005,-0.0,-0.0,6.255,6.255,-8.319150000000002,-8.319150000000002,10.408327518026132,10.408327518026132,10.408327518026132,0.0,0.0,0.0,0.0
E2_BOUNDARY_PLUS_75MM,75.0,573.780356685791,ultimate,LC4-,180.0,0.0,-12.51,16.638300000000005,-0.0,-0.0,6.255,6.255,-8.319150000000002,-8.319150000000002,10.408327518026132,10.408327518026132,10.408327518026132,0.0,0.0,0.0,0.0
E2_BOUNDARY_PLUS_75MM,75.0,573.780356685791,ultimate,LC5,120.0,13.31064,0.0,16.638300000000005,16.289299766916155,1.5972768,13.31064,-13.31064,-144.0633147243013,127.42501472430129,144.67692209389406,128.11833403029405,144.67692209389406,0.0,-1.0658141036401503e-14,0.0,0.0
E2_BOUNDARY_PLUS_75MM,75.0,573.780356685791,ultimate,LC5,150.0,13.31064,0.0,16.638300000000005,16.289299766916155,1.5972768,10.648512,-10.648512,-116.91448177944105,100.27618177944103,117.39841079660916,100.83998929034873,117.39841079660916,0.0,-1.0658141036401503e-14,0.0,0.0
E2_BOUNDARY_PLUS_75MM,75.0,573.780356685791,ultimate,LC5,180.0,13.31064,0.0,16.638300000000005,16.289299766916155,1.5972768,8.87376,-8.87376,-98.81525981620088,82.17695981620086,99.2128982999735,82.65468130221718,99.2128982999735,0.0,-1.0658141036401503e-14,0.0,-2.220446049250313e-16
E2_BOUNDARY_PLUS_100MM,100.0,598.780356685791,limit,LC0,120.0,0.0,0.0,7.452765957446808,-0.0,-0.0,-0.0,0.0,-3.726382978723404,-3.726382978723404,3.726382978723404,3.726382978723404,3.726382978723404,0.0,0.0,0.0,0.0
E2_BOUNDARY_PLUS_100MM,100.0,598.780356685791,limit,LC0,150.0,0.0,0.0,7.452765957446808,-0.0,-0.0,-0.0,0.0,-3.726382978723404,-3.726382978723404,3.726382978723404,3.726382978723404,3.726382978723404,0.0,0.0,0.0,0.0
E2_BOUNDARY_PLUS_100MM,100.0,598.780356685791,limit,LC0,180.0,0.0,0.0,7.452765957446808,-0.0,-0.0,-0.0,0.0,-3.726382978723404,-3.726382978723404,3.726382978723404,3.726382978723404,3.726382978723404,0.0,0.0,0.0,0.0
E2_BOUNDARY_PLUS_100MM,100.0,598.780356685791,limit,LC1,120.0,0.0,0.0,25.02,-0.0,-0.0,-0.0,0.0,-12.51,-12.51,12.51,12.51,12.51,0.0,0.0,0.0,0.0
E2_BOUNDARY_PLUS_100MM,100.0,598.780356685791,limit,LC1,150.0,0.0,0.0,25.02,-0.0,-0.0,-0.0,0.0,-12.51,-12.51,12.51,12.51,12.51,0.0,0.0,0.0,0.0
E2_BOUNDARY_PLUS_100MM,100.0,598.780356685791,limit,LC1,180.0,0.0,0.0,25.02,-0.0,-0.0,-0.0,0.0,-12.51,-12.51,12.51,12.51,12.51,0.0,0.0,0.0,0.0
E2_BOUNDARY_PLUS_100MM,100.0,598.780356685791,limit,LC2A,120.0,6.255,0.0,25.02,7.811121131069622,0.7505999999999999,6.255,-6.255,-77.60267609224685,52.58267609224685,77.85435351782314,52.953402629313146,77.85435351782314,0.0,-3.552713678800501e-15,0.0,0.0
E2_BOUNDARY_PLUS_100MM,100.0,598.780356685791,limit,LC2A,150.0,6.255,0.0,25.02,7.811121131069622,0.7505999999999999,5.004,-5.004,-64.58414087379748,39.564140873797484,64.77770656951756,39.87933373417481,64.77770656951756,0.0,3.552713678800501e-15,0.0,0.0
E2_BOUNDARY_PLUS_100MM,100.0,598.780356685791,limit,LC2A,180.0,6.255,0.0,25.02,7.811121131069622,0.7505999999999999,4.17,-4.17,-55.90511739483123,30.885117394831234,56.06042321397388,31.16535538851606,56.06042321397388,0.0,3.552713678800501e-15,0.0,0.0
E2_BOUNDARY_PLUS_100MM,100.0,598.780356685791,limit,LC2B,120.0,6.255,0.0,25.02,-7.811121131069622,-0.7505999999999999,-6.255,6.255,52.58267609224685,-77.60267609224685,52.953402629313146,77.85435351782314,77.85435351782314,0.0,-3.552713678800501e-15,0.0,0.0
E2_BOUNDARY_PLUS_100MM,100.0,598.780356685791,limit,LC2B,150.0,6.255,0.0,25.02,-7.811121131069622,-0.7505999999999999,-5.004,5.004,39.564140873797484,-64.58414087379748,39.87933373417481,64.77770656951756,64.77770656951756,0.0,3.552713678800501e-15,0.0,0.0
E2_BOUNDARY_PLUS_100MM,100.0,598.780356685791,limit,LC2B,180.0,6.255,0.0,25.02,-7.811121131069622,-0.7505999999999999,-4.17,4.17,30.885117394831234,-55.90511739483123,31.16535538851606,56.06042321397388,56.06042321397388,0.0,3.552713678800501e-15,0.0,0.0
E2_BOUNDARY_PLUS_100MM,100.0,598.780356685791,limit,LC3,120.0,0.0,0.0,25.02,-0.0,-0.0,-0.0,0.0,-12.51,-12.51,12.51,12.51,12.51,0.0,0.0,0.0,0.0
E2_BOUNDARY_PLUS_100MM,100.0,598.780356685791,limit,LC3,150.0,0.0,0.0,25.02,-0.0,-0.0,-0.0,0.0,-12.51,-12.51,12.51,12.51,12.51,0.0,0.0,0.0,0.0
E2_BOUNDARY_PLUS_100MM,100.0,598.780356685791,limit,LC3,180.0,0.0,0.0,25.02,-0.0,-0.0,-0.0,0.0,-12.51,-12.51,12.51,12.51,12.51,0.0,0.0,0.0,0.0
E2_BOUNDARY_PLUS_100MM,100.0,598.780356685791,limit,LC4+,120.0,0.0,8.34,11.0922,-0.0,-0.0,-4.17,-4.17,-5.5461,-5.5461,6.938885012017421,6.938885012017421,6.938885012017421,0.0,0.0,0.0,0.0
E2_BOUNDARY_PLUS_100MM,100.0,598.780356685791,limit,LC4+,150.0,0.0,8.34,11.0922,-0.0,-0.0,-4.17,-4.17,-5.5461,-5.5461,6.938885012017421,6.938885012017421,6.938885012017421,0.0,0.0,0.0,0.0
E2_BOUNDARY_PLUS_100MM,100.0,598.780356685791,limit,LC4+,180.0,0.0,8.34,11.0922,-0.0,-0.0,-4.17,-4.17,-5.5461,-5.5461,6.938885012017421,6.938885012017421,6.938885012017421,0.0,0.0,0.0,0.0
E2_BOUNDARY_PLUS_100MM,100.0,598.780356685791,limit,LC4-,120.0,0.0,-8.34,11.0922,-0.0,-0.0,4.17,4.17,-5.5461,-5.5461,6.938885012017421,6.938885012017421,6.938885012017421,0.0,0.0,0.0,0.0
E2_BOUNDARY_PLUS_100MM,100.0,598.780356685791,limit,LC4-,150.0,0.0,-8.34,11.0922,-0.0,-0.0,4.17,4.17,-5.5461,-5.5461,6.938885012017421,6.938885012017421,6.938885012017421,0.0,0.0,0.0,0.0
E2_BOUNDARY_PLUS_100MM,100.0,598.780356685791,limit,LC4-,180.0,0.0,-8.34,11.0922,-0.0,-0.0,4.17,4.17,-5.5461,-5.5461,6.938885012017421,6.938885012017421,6.938885012017421,0.0,0.0,0.0,0.0
E2_BOUNDARY_PLUS_100MM,100.0,598.780356685791,limit,LC5,120.0,8.87376,0.0,11.0922,11.081377177944105,1.0648512,8.87376,-8.87376,-97.89090981620087,86.79870981620088,98.2922878011351,87.25112974795597,98.2922878011351,0.0,8.881784197001252e-15,0.0,0.0
E2_BOUNDARY_PLUS_100MM,100.0,598.780356685791,limit,LC5,150.0,8.87376,0.0,11.0922,11.081377177944105,1.0648512,7.099008000000001,-7.099008000000001,-79.4219478529607,68.32974785296071,79.73858360506833,68.69752802127056,79.73858360506833,0.0,8.881784197001252e-15,0.0,0.0
E2_BOUNDARY_PLUS_100MM,100.0,598.780356685791,limit,LC5,180.0,8.87376,0.0,11.0922,11.081377177944105,1.0648512,5.915840000000001,-5.915840000000001,-67.10930654413391,56.01710654413392,67.36954941025014,56.32861962166702,67.36954941025014,0.0,1.7763568394002505e-15,0.0,0.0
E2_BOUNDARY_PLUS_100MM,100.0,598.780356685791,ultimate,LC0,120.0,0.0,0.0,11.179148936170211,-0.0,-0.0,-0.0,0.0,-5.589574468085106,-5.589574468085106,5.589574468085106,5.589574468085106,5.589574468085106,0.0,0.0,0.0,0.0
E2_BOUNDARY_PLUS_100MM,100.0,598.780356685791,ultimate,LC0,150.0,0.0,0.0,11.179148936170211,-0.0,-0.0,-0.0,0.0,-5.589574468085106,-5.589574468085106,5.589574468085106,5.589574468085106,5.589574468085106,0.0,0.0,0.0,0.0
E2_BOUNDARY_PLUS_100MM,100.0,598.780356685791,ultimate,LC0,180.0,0.0,0.0,11.179148936170211,-0.0,-0.0,-0.0,0.0,-5.589574468085106,-5.589574468085106,5.589574468085106,5.589574468085106,5.589574468085106,0.0,0.0,0.0,0.0
E2_BOUNDARY_PLUS_100MM,100.0,598.780356685791,ultimate,LC1,120.0,0.0,0.0,37.53,-0.0,-0.0,-0.0,0.0,-18.765,-18.765,18.765,18.765,18.765,0.0,0.0,0.0,0.0
E2_BOUNDARY_PLUS_100MM,100.0,598.780356685791,ultimate,LC1,150.0,0.0,0.0,37.53,-0.0,-0.0,-0.0,0.0,-18.765,-18.765,18.765,18.765,18.765,0.0,0.0,0.0,0.0
E2_BOUNDARY_PLUS_100MM,100.0,598.780356685791,ultimate,LC1,180.0,0.0,0.0,37.53,-0.0,-0.0,-0.0,0.0,-18.765,-18.765,18.765,18.765,18.765,0.0,0.0,0.0,0.0
E2_BOUNDARY_PLUS_100MM,100.0,598.780356685791,ultimate,LC2A,120.0,9.3825,0.0,37.53,11.716681696604434,1.1259,9.3825,-9.3825,-116.40401413837029,78.87401413837028,116.78153027673473,79.43010394396973,116.78153027673473,0.0,0.0,0.0,0.0
E2_BOUNDARY_PLUS_100MM,100.0,598.780356685791,ultimate,LC2A,150.0,9.3825,0.0,37.53,11.716681696604434,1.1259,7.505999999999999,-7.505999999999999,-96.87621131069623,59.34621131069623,97.16655985427636,59.81900060126222,97.16655985427636,0.0,0.0,0.0,0.0
E2_BOUNDARY_PLUS_100MM,100.0,598.780356685791,ultimate,LC2A,180.0,9.3825,0.0,37.53,11.716681696604434,1.1259,6.255,-6.255,-83.85767609224686,46.32767609224686,84.09063482096083,46.7480330827741,84.09063482096083,0.0,0.0,0.0,0.0
E2_BOUNDARY_PLUS_100MM,100.0,598.780356685791,ultimate,LC2B,120.0,9.3825,0.0,37.53,-11.716681696604434,-1.1259,-9.3825,9.3825,78.87401413837028,-116.40401413837029,79.43010394396973,116.78153027673473,116.78153027673473,0.0,0.0,0.0,0.0
E2_BOUNDARY_PLUS_100MM,100.0,598.780356685791,ultimate,LC2B,150.0,9.3825,0.0,37.53,-11.716681696604434,-1.1259,-7.505999999999999,7.505999999999999,59.34621131069623,-96.87621131069623,59.81900060126222,97.16655985427636,97.16655985427636,0.0,0.0,0.0,0.0
E2_BOUNDARY_PLUS_100MM,100.0,598.780356685791,ultimate,LC2B,180.0,9.3825,0.0,37.53,-11.716681696604434,-1.1259,-6.255,6.255,46.32767609224686,-83.85767609224686,46.7480330827741,84.09063482096083,84.09063482096083,0.0,0.0,0.0,0.0
E2_BOUNDARY_PLUS_100MM,100.0,598.780356685791,ultimate,LC3,120.0,0.0,0.0,37.53,-0.0,-0.0,-0.0,0.0,-18.765,-18.765,18.765,18.765,18.765,0.0,0.0,0.0,0.0
E2_BOUNDARY_PLUS_100MM,100.0,598.780356685791,ultimate,LC3,150.0,0.0,0.0,37.53,-0.0,-0.0,-0.0,0.0,-18.765,-18.765,18.765,18.765,18.765,0.0,0.0,0.0,0.0
E2_BOUNDARY_PLUS_100MM,100.0,598.780356685791,ultimate,LC3,180.0,0.0,0.0,37.53,-0.0,-0.0,-0.0,0.0,-18.765,-18.765,18.765,18.765,18.765,0.0,0.0,0.0,0.0
E2_BOUNDARY_PLUS_100MM,100.0,598.780356685791,ultimate,LC4+,120.0,0.0,12.51,16.638300000000005,-0.0,-0.0,-6.255,-6.255,-8.319150000000002,-8.319150000000002,10.408327518026132,10.408327518026132,10.408327518026132,0.0,0.0,0.0,0.0
E2_BOUNDARY_PLUS_100MM,100.0,598.780356685791,ultimate,LC4+,150.0,0.0,12.51,16.638300000000005,-0.0,-0.0,-6.255,-6.255,-8.319150000000002,-8.319150000000002,10.408327518026132,10.408327518026132,10.408327518026132,0.0,0.0,0.0,0.0
E2_BOUNDARY_PLUS_100MM,100.0,598.780356685791,ultimate,LC4+,180.0,0.0,12.51,16.638300000000005,-0.0,-0.0,-6.255,-6.255,-8.319150000000002,-8.319150000000002,10.408327518026132,10.408327518026132,10.408327518026132,0.0,0.0,0.0,0.0
E2_BOUNDARY_PLUS_100MM,100.0,598.780356685791,ultimate,LC4-,120.0,0.0,-12.51,16.638300000000005,-0.0,-0.0,6.255,6.255,-8.319150000000002,-8.319150000000002,10.408327518026132,10.408327518026132,10.408327518026132,0.0,0.0,0.0,0.0
E2_BOUNDARY_PLUS_100MM,100.0,598.780356685791,ultimate,LC4-,150.0,0.0,-12.51,16.638300000000005,-0.0,-0.0,6.255,6.255,-8.319150000000002,-8.319150000000002,10.408327518026132,10.408327518026132,10.408327518026132,0.0,0.0,0.0,0.0
E2_BOUNDARY_PLUS_100MM,100.0,598.780356685791,ultimate,LC4-,180.0,0.0,-12.51,16.638300000000005,-0.0,-0.0,6.255,6.255,-8.319150000000002,-8.319150000000002,10.408327518026132,10.408327518026132,10.408327518026132,0.0,0.0,0.0,0.0
E2_BOUNDARY_PLUS_100MM,100.0,598.780356685791,ultimate,LC5,120.0,13.31064,0.0,16.638300000000005,16.622065766916155,1.5972768,13.31064,-13.31064,-146.8363647243013,130.19806472430128,147.43843170170263,130.87669462193392,147.43843170170263,0.0,-1.0658141036401503e-14,0.0,0.0
E2_BOUNDARY_PLUS_100MM,100.0,598.780356685791,ultimate,LC5,150.0,13.31064,0.0,16.638300000000005,16.622065766916155,1.5972768,10.648512,-10.648512,-119.13292177944105,102.49462177944103,119.6078754076025,103.0462920319058,119.6078754076025,0.0,-1.0658141036401503e-14,0.0,0.0
E2_BOUNDARY_PLUS_100MM,100.0,598.780356685791,ultimate,LC5,180.0,13.31064,0.0,16.638300000000005,16.622065766916155,1.5972768,8.87376,-8.87376,-100.66395981620087,84.02565981620086,101.05432411537521,84.49292943250052,101.05432411537521,0.0,-1.0658141036401503e-14,0.0,-2.220446049250313e-16
