station_A_mm,station_U_mm,outer_diameter_mm,outer_radius_mm,inner_diameter_mm,inner_radius_mm,is_below_taper,is_in_taper
50.0,-425.0,74.0,37.0,64.0,32.0,True,False
55.0,-420.0,74.0,37.0,64.0,32.0,True,False
60.0,-415.0,74.0,37.0,64.0,32.0,True,False
65.0,-410.0,74.0,37.0,64.0,32.0,True,False
70.0,-405.0,74.0,37.0,64.0,32.0,True,False
75.0,-400.0,74.0,37.0,64.0,32.0,True,False
80.0,-395.0,74.0,37.0,64.0,32.0,True,False
85.0,-390.0,74.0,37.0,64.0,32.0,True,False
90.0,-385.0,74.0,37.0,64.0,32.0,True,False
95.0,-380.0,74.0,37.0,64.0,32.0,True,False
100.0,-375.0,74.0,37.0,64.0,32.0,True,False
105.0,-370.0,74.0,37.0,64.0,32.0,True,False
110.0,-365.0,74.0,37.0,64.0,32.0,True,False
115.0,-360.0,74.0,37.0,64.0,32.0,True,False
120.0,-355.0,74.0,37.0,64.0,32.0,True,False
125.0,-350.0,74.0,37.0,64.0,32.0,True,False
130.0,-345.0,74.0,37.0,64.0,32.0,True,False
135.0,-340.0,74.0,37.0,64.0,32.0,True,False
140.0,-335.0,74.0,37.0,64.0,32.0,True,False
145.0,-330.0,74.0,37.0,64.0,32.0,True,False
150.0,-325.0,74.0,37.0,64.0,32.0,True,False
155.0,-320.0,74.0,37.0,64.0,32.0,True,False
160.0,-315.0,74.0,37.0,64.0,32.0,True,False
165.0,-310.0,74.0,37.0,64.0,32.0,True,False
170.0,-305.0,74.0,37.0,64.0,32.0,True,False
175.0,-300.0,74.0,37.0,64.0,32.0,True,False
180.0,-295.0,74.0,37.0,64.0,32.0,True,False
185.0,-290.0,74.0,37.0,64.0,32.0,True,False
190.0,-285.0,74.0,37.0,64.0,32.0,True,False
195.0,-280.0,74.0,37.0,64.0,32.0,True,False
200.0,-275.0,74.0,37.0,64.0,32.0,True,False
205.0,-270.0,74.0,37.0,64.0,32.0,True,False
210.0,-265.0,74.0,37.0,64.0,32.0,True,False
215.0,-260.0,74.0,37.0,64.0,32.0,True,False
220.0,-255.0,74.0,37.0,64.0,32.0,True,False
225.0,-250.0,74.0,37.0,64.0,32.0,True,False
230.0,-245.0,74.0,37.0,64.0,32.0,True,False
235.0,-240.0,74.0,37.0,64.0,32.0,True,False
240.0,-235.0,74.0,37.0,64.0,32.0,True,False
245.0,-230.0,74.0,37.0,64.0,32.0,True,False
250.0,-225.0,74.0,37.0,64.0,32.0,True,False
255.0,-220.0,74.0,37.0,64.0,32.0,True,False
260.0,-215.0,74.0,37.0,64.0,32.0,True,False
265.0,-210.0,74.0,37.0,64.0,32.0,True,False
270.0,-205.0,74.0,37.0,64.0,32.0,True,False
275.0,-200.0,74.0,37.0,64.0,32.0,True,False
280.0,-195.0,74.00489162583484,37.00244581291742,64.0,32.0,False,True
285.0,-190.0,74.01947271952035,37.009736359760176,64.0,32.0,False,True
290.0,-185.0,74.04360260532792,37.02180130266396,64.0,32.0,False,True
295.0,-180.0,74.07714060752897,37.03857030376449,64.0,32.0,False,True
300.0,-175.0,74.11994605039494,37.05997302519747,64.0,32.0,False,True
305.0,-170.0,74.17187825819727,37.085939129098634,64.0,32.0,False,True
310.0,-165.0,74.23279655520734,37.11639827760367,64.0,32.0,False,True
315.0,-160.0,74.3025602656966,37.1512801328483,64.0,32.0,False,True
320.0,-155.0,74.38102871393646,37.19051435696823,64.0,32.0,False,True
325.0,-150.0,74.46806122419837,37.23403061209918,64.0,32.0,False,True
330.0,-145.0,74.5635171207537,37.28175856037685,64.0,32.0,False,True
335.0,-140.0,74.66725572787394,37.33362786393697,64.0,32.0,False,True
340.0,-135.0,74.77913636983045,37.38956818491523,64.0,32.0,False,True
345.0,-130.0,74.8990183708947,37.44950918544735,64.0,32.0,False,True
350.0,-125.0,75.02676105533807,37.513380527669035,64.0,32.0,False,True
355.0,-120.0,75.16222374743202,37.58111187371601,64.0,32.0,False,True
360.0,-115.0,75.30526577144796,37.65263288572398,64.0,32.0,False,True
365.0,-110.0,75.45574645165732,37.72787322582866,64.0,32.0,False,True
370.0,-105.0,75.6135251123315,37.80676255616575,64.0,32.0,False,True
375.0,-100.0,75.77846107774194,37.88923053887097,64.0,32.0,False,True
380.0,-95.0,75.95041367216005,37.97520683608003,64.0,32.0,False,True
385.0,-90.0,76.12924221985728,38.06462110992864,64.0,32.0,False,True
390.0,-85.0,76.31480604510503,38.157403022552515,64.0,32.0,False,True
395.0,-80.0,76.50696447217473,38.253482236087365,64.0,32.0,False,True
400.0,-75.0,76.70557682533779,38.35278841266889,64.0,32.0,False,True
405.0,-70.0,76.91050242886566,38.45525121443283,64.0,32.0,False,True
410.0,-65.0,77.12160060702973,38.56080030351487,64.0,32.0,False,True
415.0,-60.0,77.33873068410145,38.669365342050725,64.0,32.0,False,True
420.0,-55.0,77.56175198435221,38.78087599217611,64.0,32.0,False,True
425.0,-50.0,77.79052383205348,38.89526191602674,64.0,32.0,False,True
430.0,-45.0,78.02490555147665,39.012452775738325,64.0,32.0,False,True
435.0,-40.0,78.26475646689315,39.13237823344657,64.0,32.0,False,True
440.0,-35.0,78.5099359025744,39.2549679512872,64.0,32.0,False,True
445.0,-30.0,78.76030318279182,39.38015159139591,64.0,32.0,False,True
450.0,-25.0,79.01571763181684,39.50785881590842,64.0,32.0,False,True
455.0,-20.0,79.27603857392089,39.63801928696044,64.0,32.0,False,True
460.0,-15.0,79.54112533337538,39.77056266668769,64.0,32.0,False,True
465.0,-10.0,79.81083723445174,39.90541861722587,64.0,32.0,False,True
470.0,-5.0,80.08503360142137,40.042516800710686,64.0,32.0,False,True
475.0,0.0,80.36357375855573,40.181786879277865,64.0,32.0,False,True
480.0,5.0,80.64631703012623,40.32315851506311,64.0,32.0,False,True
485.0,10.0,80.93312274040427,40.466561370202136,64.0,32.0,False,True
490.0,15.0,81.2238502136613,40.61192510683065,64.0,32.0,False,True
495.0,20.0,81.51835877416873,40.759179387084366,64.0,32.0,False,True
500.0,25.0,81.81650774619798,40.90825387309899,64.0,32.0,False,True
505.0,30.0,82.11815645402048,41.05907822701024,64.0,32.0,False,True
510.0,35.0,82.42316422190765,41.21158211095383,64.0,32.0,False,True
515.0,40.0,82.73139037413092,41.36569518706546,64.0,32.0,False,True
520.0,45.0,83.04269423496171,41.52134711748086,64.0,32.0,False,True
525.0,50.0,83.35693512867144,41.67846756433572,64.0,32.0,False,True
530.0,55.0,83.67397237953152,41.83698618976576,64.0,32.0,False,True
535.0,60.0,83.9936653118134,41.9968326559067,64.0,32.0,False,True
540.0,65.0,84.31587324978847,42.15793662489423,64.0,32.0,False,True
545.0,70.0,84.64045551772818,42.32022775886409,64.0,32.0,False,True
550.0,75.0,84.96727143990395,42.48363571995198,64.0,32.0,False,True
555.0,80.0,85.29618034058718,42.64809017029359,64.0,32.0,False,True
560.0,85.0,85.62704154404932,42.81352077202466,64.0,32.0,False,True
565.0,90.0,85.95971437456177,42.979857187280885,64.0,32.0,False,True
570.0,95.0,86.29405815639598,43.14702907819799,64.0,32.0,False,True
575.0,100.0,86.62993221382334,43.31496610691167,64.0,32.0,False,True
580.0,105.0,86.96719587111531,43.483597935557654,64.0,32.0,False,True
585.0,110.0,87.30570845254327,43.652854226271636,64.0,32.0,False,True
590.0,115.0,87.64532928237867,43.822664641189334,64.0,32.0,False,True
595.0,120.0,87.98591768489294,43.99295884244647,64.0,32.0,False,True
600.0,125.0,88.32733298435748,44.16366649217874,64.0,32.0,False,True
605.0,130.0,88.66943450504372,44.33471725252186,64.0,32.0,False,True
610.0,135.0,89.01208157122309,44.506040785611546,64.0,32.0,False,True
615.0,140.0,89.35513350716703,44.67756675358351,64.0,32.0,False,True
620.0,145.0,89.69844963714692,44.84922481857346,64.0,32.0,False,True
625.0,150.0,90.0418892854342,45.0209446427171,64.0,32.0,False,True
630.0,155.0,90.3853117763003,45.19265588815015,64.0,32.0,False,True
635.0,160.0,90.72857643401665,45.36428821700832,64.0,32.0,False,True
640.0,165.0,91.07154258285465,45.535771291427324,64.0,32.0,False,True
645.0,170.0,91.41406954708575,45.70703477354287,64.0,32.0,False,True
650.0,175.0,91.75601665098134,45.87800832549067,64.0,32.0,False,True
655.0,180.0,92.09724321881288,46.04862160940644,64.0,32.0,False,True
660.0,185.0,92.43760857485175,46.218804287425876,64.0,32.0,False,True
665.0,190.0,92.77697204336941,46.388486021684706,64.0,32.0,False,True
670.0,195.0,93.11519294863726,46.55759647431863,64.0,32.0,False,True
675.0,200.0,93.45213061492674,46.72606530746337,64.0,32.0,False,True
680.0,205.0,93.78764436650927,46.893822183254635,64.0,32.0,False,True
685.0,210.0,94.12159352765626,47.06079676382813,64.0,32.0,False,True
690.0,215.0,94.45383742263914,47.22691871131957,64.0,32.0,False,True
695.0,220.0,94.78423537572934,47.39211768786467,64.0,32.0,False,True
700.0,225.0,95.11264671119827,47.55632335559913,64.0,32.0,False,True
