ligament_mm,support_span_mm,bearing_width_mm,Kt_bending,minimum_passing_diameter_mm,station_above_U_mm,ultimate_vm_MPa,MS_ultimate_strength,ultimate_bearing_pressure_MPa,MS_ultimate_bearing,status
5.0,120.0,20.0,1.0,24.0,515.780356685791,1557.6640920938396,0.19537967746118268,288.0666641089573,0.43607535731253777,PASS
5.0,120.0,20.0,1.5,26.0,516.780356685791,1829.514665678591,0.017756257946891063,266.12001162024427,0.5545070627023516,PASS
5.0,120.0,20.0,2.0,30.0,518.780356685791,1587.498300135412,0.17291464176130034,231.00537174804816,0.7908044062338866,PASS
5.0,120.0,20.0,2.5,32.0,519.780356685791,1633.5152910773702,0.13987301506797323,216.74005122027773,0.9086709413465253,PASS
5.0,120.0,20.0,3.0,34.0,520.780356685791,1633.6371298392344,0.13978800186993712,204.15300489684134,1.0263499809818484,PASS
5.0,120.0,25.0,1.0,24.0,515.780356685791,1812.3709450545798,0.02738349733582024,230.45333128716584,0.7950941966406722,PASS
5.0,120.0,25.0,1.5,28.0,517.780356685791,1708.4905489218131,0.08985092201713551,197.84687733622678,1.0909374115977197,PASS
5.0,120.0,25.0,2.0,30.0,518.780356685791,1848.9428995628446,0.007061927353323227,184.80429739843854,1.2385055077923584,PASS
5.0,120.0,25.0,2.5,34.0,520.780356685791,1588.6655590760563,0.1720528523844318,163.32240391747308,1.53293747622731,PASS
5.0,120.0,25.0,3.0,36.0,521.780356685791,1605.512439328888,0.15975432789441668,154.37161632611642,1.6798024626248265,PASS
5.0,120.0,30.0,1.0,26.0,516.780356685791,1629.0208654180728,0.14301789469230353,177.41334108016287,1.3317605940535273,PASS
5.0,120.0,30.0,1.5,30.0,518.780356685791,1587.498300135412,0.17291464176130034,154.00358116536543,1.68620660935083,PASS
5.0,120.0,30.0,2.0,32.0,519.780356685791,1741.3129489451758,0.06930807648787773,144.49336748018516,1.863006412019788,PASS
5.0,120.0,30.0,2.5,34.0,520.780356685791,1813.5234128919467,0.026730610017738687,136.1020032645609,2.0395249714727726,PASS
5.0,120.0,30.0,3.0,36.0,521.780356685791,1833.0032338787673,0.015819266210389316,128.64301360509702,2.2157629551497915,PASS
5.0,150.0,20.0,1.0,22.0,514.780356685791,1644.7714590347866,0.13207217317151843,254.96699743211664,0.6225058213671075,PASS
5.0,150.0,20.0,1.5,26.0,516.780356685791,1490.2223074921442,0.24947800783730756,216.08106545282456,0.9144918446379033,PASS
5.0,150.0,20.0,2.0,28.0,517.780356685791,1586.9566818267676,0.17331495013249265,200.80445100534857,1.060140776357008,PASS
5.0,150.0,20.0,2.5,30.0,518.780356685791,1610.9294909288712,0.1558544371339059,187.56471953074825,1.2055610384781583,PASS
5.0,150.0,20.0,3.0,32.0,519.780356685791,1592.0049116995212,0.16959438147225914,175.97995546930082,1.35075316667112,PASS
5.0,150.0,25.0,1.0,24.0,515.780356685791,1477.1374387547587,0.2605462099516509,187.12302689558643,1.2107671324755542,PASS
5.0,150.0,25.0,1.5,26.0,516.780356685791,1734.4142815185141,0.07356127070735496,172.86485236225965,1.3931148057973792,PASS
5.0,150.0,25.0,2.0,28.0,517.780356685791,1847.846648948038,0.007659375338326724,160.64356080427885,1.5751759704462605,PASS
5.0,150.0,25.0,2.5,32.0,519.780356685791,1548.2422870150986,0.20265414245324886,140.78396437544063,1.9384414583389007,PASS
5.0,150.0,25.0,3.0,32.0,519.780356685791,1854.580659806061,0.004000548671048376,140.78396437544063,1.9384414583389007,PASS
5.0,150.0,30.0,1.0,24.0,515.780356685791,1683.9537908155241,0.10573105399658833,155.935855746322,1.6529205589706653,PASS
5.0,150.0,30.0,1.5,28.0,517.780356685791,1586.9566818267679,0.17331495013249265,133.8696340035657,2.090211164535513,PASS
5.0,150.0,30.0,2.0,30.0,518.780356685791,1717.0694100860749,0.08440578410086519,125.04314635383217,2.3083415577172377,PASS
5.0,150.0,30.0,2.5,32.0,519.780356685791,1767.0554104372143,0.05373039747479913,117.3199703128672,2.526129750006681,PASS
5.0,150.0,30.0,3.0,34.0,520.780356685791,1767.3230745124629,0.05357080822002791,110.50540383062052,2.7435765424122307,PASS
5.0,180.0,20.0,1.0,22.0,514.780356685791,1396.2856517080088,0.3335380176128755,215.60967092998527,0.9186775611954685,PASS
5.0,180.0,20.0,1.5,24.0,515.780356685791,1603.430202418475,0.16126040110228734,197.79558177847508,1.0914796673942724,PASS
5.0,180.0,20.0,2.0,26.0,516.780356685791,1677.0162549051993,0.11030527852889405,182.72212269478794,1.264013965518045,PASS
5.0,180.0,20.0,2.5,28.0,517.780356685791,1676.1983176109504,0.11084707605116129,169.80201580516035,1.4362810749242563,PASS
5.0,180.0,20.0,3.0,30.0,518.780356685791,1634.3637980996077,0.13928123112190893,158.60459066883874,1.6082816130704782,PASS
5.0,180.0,25.0,1.0,22.0,514.780356685791,1623.1639651422179,0.1471422727382048,172.48773674398822,1.3983469514943354,PASS
5.0,180.0,25.0,1.5,26.0,516.780356685791,1470.5230309587903,0.2662161426917362,146.17769815583034,1.8300174568975565,PASS
5.0,180.0,25.0,2.0,28.0,517.780356685791,1565.8928883768303,0.18909793499995242,135.84161264412828,2.045351343655321,PASS
5.0,180.0,25.0,2.5,30.0,518.780356685791,1589.4878788071412,0.17144649218550212,126.883672535071,2.2603520163380977,PASS
5.0,180.0,25.0,3.0,32.0,519.780356685791,1570.7699295609139,0.1854059368964971,119.04547556421058,2.4750202444020526,PASS
5.0,180.0,30.0,1.0,22.0,514.780356685791,1850.0422785764267,0.006463485490058485,143.73978061999017,1.8780163417932028,PASS
5.0,180.0,30.0,1.5,26.0,516.780356685791,1677.0162549051993,0.11030527852889405,121.81474846319196,2.3960209482770676,PASS
5.0,180.0,30.0,2.0,28.0,517.780356685791,1786.5037468450703,0.04225921904068475,113.20134387010691,2.6544216123863844,PASS
5.0,180.0,30.0,2.5,30.0,518.780356685791,1813.8674752694737,0.026535855230203964,105.73639377922584,2.912422419605717,PASS
5.0,180.0,30.0,3.0,32.0,519.780356685791,1792.8012876324317,0.03859809385732427,99.20456297017547,3.170024293282464,PASS
10.0,120.0,20.0,1.0,24.0,520.780356685791,1563.7655240481083,0.19071559729738397,289.2167569371919,0.4303646924577751,PASS
10.0,120.0,20.0,1.5,26.0,521.780356685791,1836.7131312650533,0.01376745682518754,267.1816436413554,0.5483303117387883,PASS
10.0,120.0,20.0,2.0,30.0,523.780356685791,1593.7463051096067,0.16831643407132146,231.92546642897892,0.7836999272211529,PASS
10.0,120.0,20.0,2.5,32.0,524.780356685791,1639.9505852758507,0.13540006431766916,217.60264633399024,0.9011048098888981,PASS
10.0,120.0,20.0,3.0,34.0,525.780356685791,1640.0753529926205,0.13531368946093658,204.96486508407543,1.0183236644993285,PASS
10.0,120.0,25.0,1.0,24.0,520.780356685791,1819.4892823345604,0.023364093472919345,231.37340554975353,0.787955865572219,PASS
10.0,120.0,25.0,1.5,28.0,522.780356685791,1715.2146755721742,0.0855783981552396,198.6355240999926,1.082635719187135,PASS
10.0,120.0,25.0,2.0,30.0,523.780356685791,1856.2322386994056,0.0031072412063242183,185.54037314318313,1.229624909026441,PASS
10.0,120.0,25.0,2.5,34.0,525.780356685791,1594.9249426974038,0.1674530569764039,163.97189206726034,1.5229045806241608,PASS
10.0,120.0,25.0,3.0,36.0,526.780356685791,1611.8401300798546,0.15520141560674006,154.98502629524836,1.6691961635185701,PASS
10.0,120.0,30.0,1.0,26.0,521.780356685791,1635.4195014949285,0.13854579714743243,178.12109576090356,1.3224954676081828,PASS
10.0,120.0,30.0,1.5,30.0,523.780356685791,1593.7463051096067,0.16831643407132146,154.6169776193193,1.675549890831729,PASS
10.0,120.0,30.0,2.0,32.0,524.780356685791,1748.1772627568887,0.06510937973395903,145.06843088932683,1.851657214833347,PASS
10.0,120.0,30.0,2.5,34.0,525.780356685791,1820.676994173487,0.02269650572767956,136.64324338938363,2.027485496748993,PASS
10.0,120.0,30.0,3.0,36.0,526.780356685791,1840.2348804513001,0.011827359528889136,129.15418857937365,2.2030353962222837,PASS
10.0,150.0,20.0,1.0,22.0,519.780356685791,1651.109331199502,0.12772665311466058,255.97084431898298,0.6161428020863953,PASS
10.0,150.0,20.0,1.5,26.0,521.780356685791,1495.9818620913557,0.24466749710251,216.93048641850365,0.9069953901823513,PASS
10.0,150.0,20.0,2.0,28.0,522.780356685791,1593.1052877434197,0.1687865292553643,201.59320462509942,1.0520802690717068,PASS
10.0,150.0,20.0,2.5,30.0,523.780356685791,1617.1783404538817,0.15138816382947962,188.3008947717918,1.1969382465838039,PASS
10.0,150.0,20.0,3.0,32.0,524.780356685791,1598.1836272220587,0.16507262887963847,176.6701246175399,1.3415698522070931,PASS
10.0,150.0,25.0,1.0,24.0,520.780356685791,1482.832883845447,0.2557045505837816,187.8591865120549,1.2021038484777828,PASS
10.0,150.0,25.0,1.5,26.0,521.780356685791,1741.133761884261,0.06941812327212427,173.5443891348029,1.3837442377279392,PASS
10.0,150.0,25.0,2.0,28.0,522.780356685791,1855.020022517465,0.0037627504812927093,161.27456370007954,1.5651003363396332,PASS
10.0,150.0,25.0,2.5,32.0,524.780356685791,1554.2493715508986,0.19800595328020898,141.3360996940319,1.9269623152588666,PASS
10.0,150.0,25.0,3.0,32.0,524.780356685791,1861.7891612490207,0.00011324523494260497,141.3360996940319,1.9269623152588666,PASS
10.0,150.0,30.0,1.0,24.0,520.780356685791,1690.462870919168,0.10147346743413599,156.5493220933791,1.642524618173339,PASS
10.0,150.0,30.0,1.5,28.0,522.780356685791,1593.1052877434197,0.1687865292553643,134.39546975006627,2.07812040360756,PASS
10.0,150.0,30.0,2.0,30.0,523.780356685791,1723.7348495794195,0.08021253991257193,125.53392984786119,2.295407369875706,PASS
10.0,150.0,30.0,2.5,32.0,524.780356685791,1773.9206499067,0.049652361901268094,117.78008307835992,2.51235477831064,PASS
10.0,150.0,30.0,3.0,34.0,525.780356685791,1774.1914364274655,0.04949215838249499,110.93845418142833,2.7289634206869517,PASS
10.0,180.0,20.0,1.0,22.0,519.780356685791,1401.567901322047,0.32851216001996364,216.4463192076556,0.911261134421129,PASS
10.0,180.0,20.0,1.5,24.0,520.780356685791,1609.5332597629008,0.15685711289637472,198.56251458318246,1.0834014842051123,PASS
10.0,180.0,20.0,2.0,26.0,521.780356685791,1683.4165915227263,0.10608390660789246,183.43006547274277,1.2552760722400453,PASS
10.0,180.0,20.0,2.5,28.0,522.780356685791,1682.6039456879867,0.106618111036618,170.4593956927029,1.4268855108220406,PASS
10.0,180.0,20.0,3.0,30.0,523.780356685791,1640.6134557619362,0.13494131933426523,159.2181493750707,1.5982304103760274,PASS
10.0,180.0,25.0,1.0,22.0,519.780356685791,1629.3265896919295,0.1428034206156692,173.15705536612447,1.3890764180264115,PASS
10.0,180.0,25.0,1.5,26.0,521.780356685791,1476.1233254991264,0.2614122193146673,146.74405237819423,1.8190950903000562,PASS
10.0,180.0,25.0,2.0,28.0,522.780356685791,1571.8714745820641,0.1845752213902072,136.36751655416234,2.0336068885275504,PASS
10.0,180.0,25.0,2.5,30.0,523.780356685791,1595.5639348677387,0.16698551484516155,127.37451950005658,2.2477880129700343,PASS
10.0,180.0,25.0,3.0,32.0,524.780356685791,1576.777789152093,0.18088928751418054,119.50564769508622,2.46163922432857,PASS
10.0,180.0,30.0,1.0,22.0,519.780356685791,1857.085278061811,0.002646470787447175,144.29754613843707,1.8668917016316935,PASS
10.0,180.0,30.0,1.5,26.0,521.780356685791,1683.4165915227263,0.10608390660789246,122.28671031516186,2.3829141083600676,PASS
10.0,180.0,30.0,2.0,28.0,522.780356685791,1793.336416793909,0.03828817759070913,113.63959712846861,2.6403282662330607,PASS
10.0,180.0,30.0,2.5,30.0,523.780356685791,1820.811539338728,0.022620935649513063,106.14543291671382,2.897345615564041,PASS
10.0,180.0,30.0,3.0,32.0,524.780356685791,1799.6674128794932,0.03463561471103915,99.58803974590519,3.153967069194284,PASS
15.0,120.0,20.0,1.0,24.0,525.780356685791,1569.867181137728,0.18608760178714912,290.36689220244017,0.424699057293644,PASS
15.0,120.0,20.0,1.5,26.0,526.780356685791,1843.9118618313394,0.009809654432558323,268.24331474177603,0.5422022278107292,PASS
15.0,120.0,20.0,2.0,30.0,528.780356685791,1599.9945389800196,0.16375397205230846,232.8455948176602,0.7766513380425164,PASS
15.0,120.0,20.0,2.5,32.0,529.780356685791,1646.3861146698673,0.13096191920530598,218.46527297361484,0.8935981538817133,PASS
15.0,120.0,20.0,3.0,34.0,530.780356685791,1646.5138108880772,0.13087420687695084,205.7767548722937,1.0103603920026698,PASS
15.0,120.0,25.0,1.0,24.0,525.780356685791,1826.6078822724498,0.01937587047063416,232.29351376195214,0.7808738216170548,PASS
15.0,120.0,25.0,1.5,28.0,527.780356685791,1721.9390491506483,0.08133908741917262,199.42419982499996,1.0743993855967409,PASS
15.0,120.0,25.0,2.0,32.0,529.780356685791,1537.730401895895,0.21087545495901439,174.7722183788919,1.3669976923521414,PASS
15.0,120.0,25.0,2.5,34.0,530.780356685791,1601.1845545402095,0.1628890590533365,164.62140389783497,1.512950490003337,PASS
15.0,120.0,25.0,3.0,36.0,531.780356685791,1618.1680509936612,0.15068394710710664,155.59845857649802,1.6586731088130824,PASS
15.0,120.0,30.0,1.0,26.0,526.780356685791,1641.8183731094043,0.13410839499475102,178.82887649451735,1.313303341716094,PASS
15.0,120.0,30.0,1.5,30.0,528.780356685791,1599.9945389800198,0.16375397205230846,155.2303965451068,1.6649770070637748,PASS
15.0,120.0,30.0,2.0,32.0,529.780356685791,1755.041827443839,0.06094337518550308,145.64351531574323,1.8403972308225698,PASS
15.0,120.0,30.0,2.5,34.0,530.780356685791,1827.8308362795506,0.018693832625123585,137.1845032481958,2.0155405880040047,PASS
15.0,120.0,30.0,3.0,36.0,531.780356685791,1847.4667900670795,0.007866560855685378,129.6653821470817,2.190407730575699,PASS
15.0,150.0,20.0,1.0,22.0,524.780356685791,1657.4474275632165,0.12341421455371115,256.9747267164216,0.6098292733923767,PASS
15.0,150.0,20.0,1.5,26.0,526.780356685791,1501.7416194731447,0.23989371797076808,217.77993729062246,0.8995571526776944,PASS
15.0,150.0,20.0,2.0,28.0,527.780356685791,1599.2541096310356,0.16429277172817924,202.38198594997272,1.044082311220928,PASS
15.0,150.0,20.0,2.5,30.0,528.780356685791,1623.4274089549058,0.14695611872087166,189.0370958103392,1.1883823162685063,PASS
15.0,150.0,20.0,3.0,32.0,529.780356685791,1604.3625587542908,0.16058554834747074,177.36031789429347,1.3324576912218755,PASS
15.0,150.0,25.0,1.0,24.0,525.780356685791,1488.528529934829,0.2508997728659741,188.59537210842817,1.1935078945217361,PASS
15.0,150.0,25.0,1.5,26.0,526.780356685791,1747.8534788296813,0.0653066876330779,174.22394983249796,1.3744464408471178,PASS
15.0,150.0,25.0,2.0,30.0,528.780356685791,1516.4542952626334,0.22786423950714707,151.22967664827135,1.7354778953356331,PASS
15.0,150.0,25.0,2.5,32.0,529.780356685791,1560.2566660961243,0.19339339511290765,141.88825431543478,1.915572114027344,PASS
15.0,150.0,25.0,3.0,34.0,530.780356685791,1560.2601059570154,0.19339076407257538,133.64582356351772,2.095386197335899,PASS
15.0,150.0,30.0,1.0,24.0,525.780356685791,1696.9721807356048,0.09724839401483809,157.1628100903568,1.6322094734260832,PASS
15.0,150.0,30.0,1.5,28.0,527.780356685791,1599.2541096310356,0.16429277172817924,134.9213239666485,2.066123466831392,PASS
15.0,150.0,30.0,2.0,30.0,528.780356685791,1730.4005226471786,0.07605145492645815,126.02473054022612,2.28257347440276,PASS
15.0,150.0,30.0,2.5,32.0,529.780356685791,1780.786129386958,0.04560562847656513,118.240211929529,2.4986865368328126,PASS
15.0,150.0,30.0,3.0,34.0,530.780356685791,1781.0600378987574,0.04544482520461979,111.37151963626478,2.7144634368030784,PASS
15.0,180.0,20.0,1.0,22.0,524.780356685791,1406.8503297615598,0.3235238750063636,217.2829958092477,0.9039015733807134,PASS
15.0,180.0,20.0,1.5,24.0,525.780356685791,1615.6365232405954,0.1524869444429593,199.32947329136042,1.075385193966858,PASS
15.0,180.0,20.0,2.0,26.0,526.780356685791,1689.8171438125732,0.10189437171820082,184.13803210626494,1.2466050758670337,PASS
15.0,180.0,20.0,2.5,28.0,527.780356685791,1689.0097891151047,0.10242108245892845,171.11679768062515,1.4175618244224628,PASS
15.0,180.0,20.0,3.0,30.0,528.780356685791,1646.8633230439466,0.13063420257511704,159.83172866066678,1.588256043131354,PASS
15.0,180.0,25.0,1.0,22.0,524.780356685791,1635.4894228713604,0.13849712138826575,173.82639664739816,1.3798769667258917,PASS
15.0,180.0,25.0,1.5,26.0,526.780356685791,1481.7238087527426,0.25664444952623056,147.31042568501195,1.8082563448337923,PASS
15.0,180.0,25.0,2.0,28.0,527.780356685791,1577.8502617807078,0.18008663122355517,136.89343814450012,2.0219522805280787,PASS
15.0,180.0,25.0,2.5,30.0,528.780356685791,1601.6401947252484,0.1625582363206206,127.86538292853342,2.2353200539141924,PASS
15.0,180.0,25.0,3.0,32.0,529.780356685791,1582.785849786236,0.17640677685580353,119.96583522485193,2.448360417069836,PASS
15.0,180.0,30.0,1.0,24.0,525.780356685791,1439.3905733615736,0.29360302509933645,132.8863155275736,2.1130777909502867,PASS
15.0,180.0,30.0,1.5,26.0,526.780356685791,1689.8171438125737,0.1018943717182006,122.75868807084329,2.3699076138005504,PASS
15.0,180.0,30.0,2.0,28.0,527.780356685791,1800.1693164495018,0.03434714889622037,114.07786512041677,2.626342736633694,PASS
15.0,180.0,30.0,2.5,30.0,528.780356685791,1827.7558363187393,0.01873563361188957,106.55448577377786,2.882384064697031,PASS
15.0,180.0,30.0,3.0,32.0,529.780356685791,1806.5337678899427,0.0307031250098595,99.97152935404327,3.1380325004838037,PASS
20.0,120.0,20.0,1.0,24.0,530.780356685791,1575.9690606979864,0.18149527578627245,291.5170694024161,0.41907792376659025,PASS
20.0,120.0,20.0,1.5,26.0,531.780356685791,1851.1108542435877,0.0058824925214227,269.3050244593235,0.536122240647559,PASS
20.0,120.0,20.0,2.0,30.0,533.780356685791,1606.2429990437656,0.15922684245689633,233.76575651605924,0.7696579847942027,PASS
20.0,120.0,20.0,2.5,32.0,534.780356685791,1652.8218764843161,0.1265581769528743,219.3279307671733,0.8861502780019739,PASS
20.0,120.0,20.0,3.0,34.0,535.780356685791,1652.9525007580098,0.12646915089582156,206.58867391250226,1.002459427012501,PASS
20.0,120.0,25.0,1.0,24.0,530.780356685791,1833.726741759418,0.015418468628239701,233.21365552193285,0.773847404708238,PASS
20.0,120.0,25.0,1.5,28.0,532.780356685791,1728.6636667391458,0.07713260585407711,200.21290416899768,1.0662276455513275,PASS
20.0,120.0,25.0,2.0,32.0,534.780356685791,1543.737112922714,0.20616391509479737,175.46234461373865,1.3576878475024672,PASS
20.0,120.0,25.0,2.5,34.0,535.780356685791,1607.444391913755,0.15836044429703833,165.2709391300018,1.503074283765626,PASS
20.0,120.0,25.0,3.0,36.0,536.780356685791,1624.4961993588133,0.14620151203488763,156.21191290701148,1.6482323267903185,PASS
20.0,120.0,30.0,1.0,26.0,531.780356685791,1648.2174774758473,0.12970528795238145,179.53668297288235,1.3041833609713378,PASS
20.0,120.0,30.0,1.5,30.0,533.780356685791,1606.2429990437656,0.15922684245689633,155.84383767737282,1.6544869771913042,PASS
20.0,120.0,30.0,2.0,32.0,534.780356685791,1761.906640045918,0.05680968428126998,146.21862051144888,1.8292254170029607,PASS
20.0,120.0,30.0,2.5,34.0,535.780356685791,1834.984936135031,0.014722226506049596,137.72578260833484,2.003689140518751,PASS
20.0,120.0,30.0,3.0,36.0,536.780356685791,1854.6989596272535,0.0039365096609607075,130.17659408917623,2.177878792148382,PASS
20.0,150.0,20.0,1.0,22.0,529.780356685791,1663.7857455086266,0.11913448292633277,257.97864420988145,0.6035646627150391,PASS
20.0,150.0,20.0,1.5,26.0,531.780356685791,1507.5015772738689,0.23515625328047607,218.62941772059037,0.8921764596143871,PASS
20.0,150.0,20.0,2.0,28.0,532.780356685791,1605.403144974188,0.15983328289165488,203.17079465728511,1.0361461807929593,PASS
20.0,150.0,20.0,2.5,30.0,533.780356685791,1629.6766938834758,0.14255791163270803,189.77332234615614,1.1798924763277236,PASS
20.0,150.0,20.0,3.0,32.0,534.780356685791,1610.5417037842058,0.15613274442068525,178.05053501896714,1.3234158636256446,PASS
20.0,150.0,25.0,1.0,24.0,530.780356685791,1494.2243746782513,0.2461314589389838,189.33158338165012,1.184978492237105,PASS
20.0,150.0,25.0,1.5,26.0,531.780356685791,1754.573429597193,0.06122660276889613,174.9035341764723,1.3652205745179837,PASS
20.0,150.0,25.0,2.0,30.0,533.780356685791,1522.2869611959652,0.22315965876574517,151.8186578769249,1.7248655954096548,PASS
20.0,150.0,25.0,2.5,32.0,534.780356685791,1566.2641682085416,0.1888160616798853,142.44042801517372,1.9042698295320557,PASS
20.0,150.0,25.0,3.0,34.0,535.780356685791,1566.2703394204111,0.18881137766359157,134.16552002354098,2.083396073130529,PASS
20.0,150.0,30.0,1.0,24.0,530.780356685791,1703.4817175852302,0.09305546445163926,157.77631948470844,1.6219741906845262,PASS
20.0,150.0,30.0,1.5,28.0,532.780356685791,1605.403144974188,0.15983328289165488,135.44719643819008,2.0542192711894387,PASS
20.0,150.0,30.0,2.0,30.0,533.780356685791,1737.0664265709866,0.07192216228347448,126.51554823077075,2.2698387144915855,PASS
20.0,150.0,30.0,2.5,32.0,534.780356685791,1787.6518460868635,0.0415898398090675,118.70035667931143,2.485123795438467,PASS
20.0,150.0,30.0,3.0,34.0,535.780356685791,1787.9288761426383,0.04142845101152237,111.8046000196175,2.7000752877566345,PASS
20.0,180.0,20.0,1.0,22.0,529.780356685791,1412.1329349686973,0.31857274474040564,218.11970040882167,0.89659822938841,PASS
20.0,180.0,20.0,1.5,24.0,530.780356685791,1621.7399904812655,0.14814952515750401,200.09645760514908,1.0674300911734695,PASS
20.0,180.0,20.0,2.0,26.0,531.780356685791,1696.2179092966423,0.09773631665762883,184.84602232125147,1.2380002144224709,PASS
20.0,180.0,20.0,2.5,28.0,532.780356685791,1695.4158454197861,0.09825563151969208,171.774221515184,1.4083091976262216,PASS
20.0,180.0,20.0,3.0,30.0,533.780356685791,1653.113397540738,0.12635951216051655,160.44532828952646,1.57835763746015,PASS
20.0,180.0,25.0,1.0,22.0,529.780356685791,1641.6524622796878,0.1342230117416725,174.49576032705735,1.3707477867355125,PASS
20.0,180.0,25.0,1.5,26.0,531.780356685791,1487.3244785513032,0.2519124285600689,147.87681785700119,1.7975002680280885,PASS
20.0,180.0,25.0,2.0,28.0,532.780356685791,1583.8292476650772,0.17563178148465775,137.4193772121472,2.010386497032777,PASS
20.0,180.0,25.0,2.5,30.0,533.780356685791,1607.716656041574,0.15816427789241638,128.35626263162118,2.2229470468251873,PASS
20.0,180.0,25.0,3.0,32.0,534.780356685791,1588.79410915859,0.17195802103401392,120.42603797697502,2.4351826609889518,PASS
20.0,180.0,30.0,1.0,24.0,530.780356685791,1444.8158775755028,0.2887455273017625,133.39763840343272,2.1011451367602043,PASS
20.0,180.0,30.0,1.5,26.0,531.780356685791,1696.2179092966423,0.09773631665762883,123.23068154750098,2.3570003216337065,PASS
20.0,180.0,30.0,2.0,28.0,532.780356685791,1807.0024431744955,0.030435795498364726,114.51614767678932,2.612463796439333,PASS
20.0,180.0,30.0,2.5,30.0,533.780356685791,1834.7003635373967,0.014879615770047705,106.96355219301765,2.867536456190225,PASS
20.0,180.0,30.0,3.0,32.0,534.780356685791,1813.4003500297758,0.026800287079147278,100.35503164747918,3.1222191931867425,PASS
