Do_mm,wall_mm,Di_mm,h_mm,A_mm2,I_mm4,J_mm4,mass_per_m_kg,limit_governing_case,limit_vm_MPa,MS_yield_limit,ultimate_governing_case,ultimate_vm_MPa,MS_ultimate,limit_shear_case,limit_tau_screen_MPa,MS_shear_limit,ultimate_shear_case,ultimate_tau_screen_MPa,MS_shear_ultimate,buckling_method,slenderness,Cc,Pcr_kN,MS_buckling,PASS
58.0,1.5,55.0,200.0,266.24997739173523,106316.94409723722,212633.88819447445,2.0953873220729564,LC4+,1257.8202961721047,0.2060546364346727,LC4+,1886.7304442581565,-0.01310756623099929,LC5,66.65735777279697,12.139440080208143,LC5,99.98603665919545,9.751763317665375,JOHNSON,20.017209687543033,51.647465077611216,373.5655017501765,8.953783686388928,False
58.0,1.75,54.5,200.0,309.2505268377456,122429.38435137436,244858.76870274873,2.4338016462130576,LC4+,1091.973587051075,0.38922774139320393,LC4+,1637.9603805766126,0.13677963281658778,LC5,57.38881088248425,14.261517792277157,LC5,86.08321632372638,11.488220667642306,JOHNSON,20.103532789715,51.647465077611216,433.59342943462485,10.55324885250799,True
58.0,2.0,54.00000000000001,200.0,351.8583772020565,138104.41305180715,276208.8261036143,2.769125428580185,LC4+,967.7608524346219,0.567536025231484,LC4+,1451.641278651933,0.2826860377855518,LC5,50.43938456468352,16.36421579921309,LC5,75.65907684702528,13.208819959628551,JOHNSON,20.190178605002753,51.647465077611216,492.98365916063426,12.13572233308378,True
58.0,2.25,53.50000000000001,200.0,394.0735284846694,153350.0191704796,306700.0383409592,3.1013586691743478,LC4+,871.305933728545,0.7410646952768494,LC4+,1306.9589005928178,0.4246813722722449,LC5,45.036062351725384,18.447534101016004,LC5,67.55409352758807,14.913561193624169,JOHNSON,20.277140261518735,51.647465077611216,551.7363575838474,13.701208568714291,True
58.0,2.5,53.00000000000001,200.0,435.8959806855834,168174.11804825673,336348.23609651346,3.4305013679955416,LC4+,794.2831332355821,0.9098982925904107,LC4+,1191.424699853373,0.5628348146795628,LC5,40.7150347477085,20.511472697685857,LC5,61.072552121562744,16.602444369629122,JOHNSON,20.364410562556024,51.647465077611216,609.851717508941,15.249712696747693,True
58.0,2.75,52.50000000000001,200.0,477.32573380479903,182584.5513949263,365169.1027898526,3.7565535250437683,LC4+,731.3942762155062,1.0741206888430916,LC4+,1097.0914143232594,0.6972149956606619,LC5,37.181150612880636,22.55603158922268,LC5,55.77172591932095,18.27546948764343,JOHNSON,20.451981978472396,51.647465077611216,667.3299588803628,16.78124057768086,True
58.0,3.0,52.00000000000001,200.0,518.3627878423156,196589.08728919824,393178.1745783965,4.079515140319024,LC4+,679.1072418663982,1.2338150832125003,LC4+,1018.6608627995972,0.8278899955797303,LC5,34.23764285602759,24.581210775626435,LC5,51.35646428404138,19.93263654766707,JOHNSON,20.53984663852387,51.647465077611216,724.1713297919275,18.29579882206042,True
58.0,3.25,51.50000000000001,200.0,559.0071427981336,210195.4201787045,420390.840357409,4.399386213821312,LC4+,634.9767107301948,1.3890639993008844,LC4+,952.4650660952923,0.9549273419900006,LC5,31.748288422870676,26.58701025689715,LC5,47.622432634306016,21.57394554970006,JOHNSON,20.627996322657093,51.647465077611216,780.3761075146888,19.793394817870738,True
58.0,3.5,51.00000000000001,200.0,599.2587986722529,223411.1708799993,446822.3417599986,4.71616674555063,LC4+,597.2560203096162,1.5399492820743617,LC4+,895.8840304644245,1.078394007129185,LC5,29.615785432474706,28.57343003303481,LC5,44.423678148712064,23.19939649374239,JOHNSON,20.716422453270347,51.647465077611216,835.9445995424029,21.274036758390697,True
58.0,3.75,50.5,200.0,639.1177554646733,236243.8865785591,472487.7731571182,5.029856735506979,LC4+,564.6642783971703,1.6865520948236452,LC4+,846.9964175957555,1.1983564054324884,LC5,27.768779459266607,30.54047010403942,LC5,41.6531691888999,24.80898937979407,JOHNSON,20.80511608695416,51.647465077611216,890.8771446538211,22.73773367049883,True
58.0,4.0,50.0,200.0,678.5840131753951,248701.04082878242,497402.08165756485,5.3404561836903595,LC4+,536.2408088666339,1.8289529161464597,LC4+,804.3612132999508,1.3148803910633737,LC5,26.153754959465513,32.48813046991098,LC5,39.23063243919826,26.402724207855083,JOHNSON,20.894067906222805,51.647465077611216,945.1741139909433,24.184495443403765,True
58.0,4.25,49.5,200.0,717.6575718044184,260790.03355398998,521580.06710797996,5.647965090100773,LC4+,511.25096950080564,1.9672315369518523,LC4+,766.8764542512084,1.4280312554622494,LC5,24.72978854717176,34.41641113064949,LC5,37.09468282075763,27.98060097792545,JOHNSON,20.983268211249026,51.647465077611216,998.8359121522757,25.614332857774464,True
58.0,4.5,49.0,200.0,756.3384313517425,272518.19104642485,545036.3820928497,5.952383454738214,LC4+,489.1233638410309,2.1014670574866208,LC4+,733.6850457615463,1.5378737249132444,LC5,23.465051178585878,36.32531208625495,LC5,35.197576767878815,29.542619690005147,JOHNSON,21.07270691161502,51.647465077611216,1051.862978300019,27.027257615241645,True
58.0,4.75,48.5,200.0,794.6265918173683,283892.765967252,567785.531934504,6.253711277602688,LC4+,469.4068808396377,2.231737884384036,LC4+,704.1103212594564,1.6444719581292357,LC5,22.334414909788183,38.21483333672737,LC5,33.50162236468227,31.088780344094204,JOHNSON,21.16237351809359,51.647465077611216,1104.25578728002,28.423282368239278,True
58.0,5.0,48.0,200.0,832.5220532012953,294920.9373465589,589841.8746931178,6.551948558694194,LC4+,451.7406225840293,2.3581217277350772,LC4+,677.6109338760439,1.7478895438552908,LC5,21.317777627337918,40.084974882066724,LC5,31.976666441006873,32.61908294019259,JOHNSON,21.2522571344742,51.647465077611216,1156.0148507531874,29.802420750151544,True
58.0,5.25,47.5,200.0,870.0248155035235,305609.8105833549,611219.6211667098,6.8470952980127295,LC4+,435.83242406838974,2.480695598182379,LC4+,653.7486361025847,1.8481894984907004,LC5,20.39886642742333,41.935736722273035,LC5,30.59829964113499,34.13352747830033,JOHNSON,21.34234644944948,51.647465077611216,1207.1407183369633,31.164687405727776,True
58.0,5.5,47.0,200.0,907.1348787240529,315966.4174455717,631932.8348911434,7.139151495558297,LC4+,421.4432311795872,2.599535804037079,LC4+,632.1648467693808,1.945434263729748,LC5,19.564367346301466,43.76711885734629,LC5,29.346551019452196,35.6321139584174,JOHNSON,21.43262972857884,51.647465077611216,1257.633978755322,32.510098021724545,True
58.0,5.75,46.5,200.0,943.8522428628836,325997.7160700632,651995.4321401264,7.428117151330894,LC4+,408.37555396250974,2.7147179484187873,LC4+,612.5633309437645,2.039685704221394,LC5,18.80328211772681,45.5791212872865,LC5,28.20492317659021,37.11484238054382,JOHNSON,21.52309480634643,51.647465077611216,1307.4952609956226,33.838669357730424,True
58.0,6.0,46.0,200.0,980.1769079200158,335710.59096260543,671421.1819252109,7.713992265330524,LC4+,396.46480654173234,2.8263169264188366,LC4+,594.6972098125987,2.131005105248021,LC5,18.10644574116842,47.371744012093664,LC5,27.15966861175263,38.581712744679585,JOHNSON,21.613729078331968,51.647465077611216,1356.7252354705222,35.15041927712556,True
58.0,6.25,45.5,200.0,1016.1088738954488,345111.8529978965,690223.705995793,7.996776837557182,LC4+,385.57272543587794,2.934406922287044,LC4+,578.359088153817,2.219453170423413,LC5,17.46615983379957,49.144987031767755,LC5,26.199239750699352,40.03272505082468,JOHNSON,21.70451949351359,51.647465077611216,1405.324615183013,36.445366778124516,True
58.0,6.5,45.00000000000001,200.0,1051.6481407891831,354208.23941955675,708416.4788391135,8.276470868010872,LC4+,375.5823066976201,3.039061406642169,LC4+,563.3734600464301,2.305090019410116,LC5,16.875910593710383,50.8988503463088,LC5,25.313865890565566,41.46787929897912,JOHNSON,21.795452546723126,51.647465077611216,1453.2941568925028,37.72353202484686,True
58.0,6.75,44.50000000000001,200.0,1086.794708601219,363006.41384012904,726012.8276802581,8.553074356691594,LC4+,366.3938681100019,3.140353133706247,LC4+,549.590802165003,2.3879751856563534,LC5,16.33014943810529,52.633333955716815,LC5,24.495224157157935,42.88717548914291,JOHNSON,21.88651427127487,51.647465077611216,1500.6346622797066,38.98493637835616,True
58.0,7.0,44.00000000000001,200.0,1121.548577331556,371512.966241078,743025.932482156,8.826587303599347,LC4+,357.92195517534884,3.2383541385629995,LC4+,536.8829327630233,2.4681676141526276,LC5,15.824120647743836,54.34843785999176,LC5,23.736180971615752,44.29061362131604,JOHNSON,21.977690231790245,51.647465077611216,1547.3469791079763,40.22960242760395,True
58.0,7.25,43.50000000000001,200.0,1155.9097469801943,379734.4129727905,759468.825945581,9.097009708734129,LC4+,350.0928872231311,3.333135734440508,LC4+,525.1393308346966,2.5457256592081854,LC5,15.35372467129485,56.04416205913367,LC5,23.030587006942277,45.67819369549852,JOHNSON,22.068965517241377,51.647465077611216,1593.4320023785294,41.45755402021128,True
58.0,7.5,43.0,200.0,1189.878217547134,387677.1967545757,775354.3935091514,9.364341572095945,LC4+,342.84279427619254,3.424768510018361,LC4+,514.2641914142888,2.620707082247501,LC5,14.915408768962505,57.72050655314253,LC5,22.373113153443757,47.049915711690346,JOHNSON,22.16032473423788,51.647465077611216,1638.8906754768861,42.66881629301589,True
58.0,7.75,42.5,200.0,1223.453989032375,395347.68667466484,790695.3733493297,9.62858289368479,LC4+,336.1160338595212,3.513322326759413,LC4+,504.1740507892818,2.6931690496269076,LC5,14.506078822004943,59.377471342018325,LC5,21.759118233007413,48.4057796698915,JOHNSON,22.25175200058192,51.647465077611216,1683.723991307656,43.863415702308984,True
58.0,8.0,42.0,200.0,1256.6370614359173,402752.1781902115,805504.356380423,9.889733673500668,LC4+,329.8639046397811,3.598866316266397,LC4+,494.79585695967154,2.7631681304715587,LC5,14.123027678111372,61.01505642576109,LC5,21.18454151716706,49.745785570102015,JOHNSON,22.343230939117827,51.647465077611216,1727.9329934146608,45.041380053681344,True
58.0,1.5,55.0,250.0,266.24997739173523,106316.94409723722,212633.88819447445,2.0953873220729564,LC4+,1371.5651004710296,0.1060357247928112,LC4+,2057.3476507065443,-0.09495121091443004,LC5,66.65735777279697,12.139440080208143,LC5,99.98603665919545,9.751763317665375,JOHNSON,25.02151210942879,51.647465077611216,356.50166265156577,8.499111714670017,False
58.0,1.75,54.5,250.0,309.2505268377456,122429.38435137436,244858.76870274873,2.4338016462130576,LC4+,1190.74889384583,0.27398816647266244,LC4+,1786.1233407687453,0.04248119796620409,LC5,57.38881088248425,14.261517792277157,LC5,86.08321632372638,11.488220667642306,JOHNSON,25.129415987143748,51.647465077611216,413.6023933093676,10.020580690364177,True
58.0,2.0,54.00000000000001,250.0,351.8583772020565,138104.41305180715,276208.8261036143,2.769125428580185,LC4+,1055.3250347280837,0.43747182155199416,LC4+,1582.9875520921257,0.1762568805668261,LC5,50.43938456468352,16.36421579921309,LC5,75.65907684702528,13.208819959628551,JOHNSON,25.237723256253442,51.647465077611216,470.04181594226117,11.524428882021349,True
58.0,2.25,53.50000000000001,250.0,394.0735284846694,153350.0191704796,306700.0383409592,3.1013586691743478,LC4+,950.1647435638159,0.5965652380555979,LC4+,1425.247115345724,0.3064401112984061,LC5,45.036062351725384,18.447534101016004,LC5,67.55409352758807,14.913561193624169,JOHNSON,25.346425326898416,51.647465077611216,525.8201909496871,13.010663228075863,True
58.0,2.5,53.00000000000001,250.0,435.8959806855834,168174.11804825673,336348.23609651346,3.4305013679955416,LC4+,866.1907498197819,0.7513463406479743,LC4+,1299.286124729673,0.4330946544875973,LC5,40.7150347477085,20.511472697685857,LC5,61.072552121562744,16.602444369629122,JOHNSON,25.45551320319503,51.647465077611216,580.9378195889533,14.479291755634247,True
58.0,2.75,52.50000000000001,250.0,477.32573380479903,182584.5513949263,365169.1027898526,3.7565535250437683,LC4+,797.62660478663,0.901892427981144,LC4+,1196.439907179945,0.5562837622064996,LC5,37.181150612880636,22.55603158922268,LC5,55.77172591932095,18.27546948764343,JOHNSON,25.56497747309049,51.647465077611216,635.3950455232593,15.93032362172287,True
58.0,3.0,52.00000000000001,250.0,518.3627878423156,196589.08728919824,393178.1745783965,4.079515140319024,LC4+,740.6213379271334,1.048280170060738,LC4+,1110.9320068907,0.6760701721173781,LC5,34.23764285602759,24.581210775626435,LC5,51.35646428404138,19.93263654766707,JOHNSON,25.674808298154836,51.647465077611216,689.1922563991907,17.363769155320828,True
58.0,3.25,51.50000000000001,250.0,559.0071427981336,210195.4201787045,420390.840357409,4.399386213821312,LC4+,692.5088871673348,1.1905856056305582,LC4+,1038.7633307510023,0.792516105332498,LC5,31.748288422870676,26.58701025689715,LC5,47.622432634306016,21.57394554970006,JOHNSON,25.784995403321364,51.647465077611216,742.3298854527687,18.77963990015371,True
58.0,3.5,51.00000000000001,250.0,599.2587986722529,223411.1708799993,446822.3417599986,4.71616674555063,LC4+,651.384916158318,1.3288841395757705,LC4+,977.0773742374771,0.9056832642892045,LC5,29.615785432474706,28.57343003303481,LC5,44.423678148712064,23.19939649374239,JOHNSON,25.895528066587932,51.647465077611216,794.8084131429878,20.177948658219766,True
58.0,3.75,50.5,250.0,639.1177554646733,236243.8865785591,472487.7731571182,5.029856735506979,LC4+,615.8529045882597,1.4632505403448888,LC4+,923.7793568823897,1.0156328306403792,LC5,27.768779459266607,30.54047010403942,LC5,41.6531691888999,24.80898937979407,JOHNSON,26.006395108692697,51.647465077611216,846.6283688116464,21.55870953401669,True
58.0,4.0,50.0,250.0,678.5840131753951,248701.04082878242,497402.08165756485,5.3404561836903595,LC4+,584.8654545846443,1.593758937390707,LC4+,877.2981818769665,1.1224254631604031,LC5,26.153754959465513,32.48813046991098,LC5,39.23063243919826,26.402724207855083,JOHNSON,26.117584882778505,51.647465077611216,897.7903323681196,22.921937979432975,True
58.0,4.25,49.5,250.0,717.6575718044184,260790.03355398998,521580.06710797996,5.647965090100773,LC4+,557.6216065807554,1.7204828186303547,LC4+,836.4324098711331,1.226121295666763,LC5,24.72978854717176,34.41641113064949,LC5,37.09468282075763,27.98060097792545,JOHNSON,26.22908526406128,51.647465077611216,948.2949359975729,24.26765083926387,True
58.0,4.5,49.0,250.0,756.3384313517425,272518.19104642485,545036.3820928497,5.952383454738214,LC4+,533.4983831876839,1.8434950279246145,LC4+,800.2475747815258,1.3267799349574303,LC5,23.465051178585878,36.32531208625495,LC5,35.197576767878815,29.542619690005147,JOHNSON,26.340883639518772,51.647465077611216,998.1428658909456,25.59586639730737,True
58.0,4.75,48.5,250.0,794.6265918173683,283892.765967252,567785.531934504,6.253711277602688,LC4+,512.0039507536874,1.9628677625766833,LC4+,768.0059261305311,1.4244604587641327,LC5,22.334414909788183,38.21483333672737,LC5,33.50162236468227,31.088780344094204,JOHNSON,26.45296689761699,51.647465077611216,1047.3348639948733,26.906604422991563,True
58.0,5.0,48.0,250.0,832.5220532012953,294920.9373465589,589841.8746931178,6.551948558694194,LC4+,492.74483242006966,2.078672570850511,LC4+,739.1172486301044,1.5192214137216662,LC5,21.317777627337918,40.084974882066724,LC5,31.976666441006873,32.61908294019259,JOHNSON,26.565321418092747,51.647465077611216,1095.871729779525,28.199886218479215,True
58.0,5.25,47.5,250.0,870.0248155035235,305609.8105833549,611219.6211667098,6.8470952980127295,LC4+,475.4024888412339,2.1909803495088966,LC4+,713.103733261851,1.6111208133533577,LC5,20.39886642742333,41.935736722273035,LC5,30.59829964113499,34.13352747830033,JOHNSON,26.677933061811846,51.647465077611216,1143.7543220221546,29.475734666191173,True
58.0,5.5,47.0,250.0,907.1348787240529,315966.4174455717,631932.8348911434,7.139151495558297,LC4+,459.7162859484001,2.2998613413714746,LC4+,689.5744289226003,1.7002161360728127,LC5,19.564367346301466,43.76711885734629,LC5,29.346551019452196,35.6321139584174,JOHNSON,26.790787160723546,51.647465077611216,1190.9835606039726,30.734174276684588,True
58.0,5.75,46.5,250.0,943.8522428628836,325997.7160700632,651995.4321401264,7.428117151330894,LC4+,445.47090587411935,2.4053851328927687,LC4+,668.206358811179,1.786564323202081,LC5,18.80328211772681,45.5791212872865,LC5,28.20492317659021,37.11484238054382,JOHNSON,26.903868507933034,51.647465077611216,1237.5604283177258,31.97523123681657,True
58.0,6.0,46.0,250.0,980.1769079200158,335710.59096260543,671421.1819252109,7.713992265330524,LC4+,432.48690511575984,2.5076206517604467,LC4+,648.7303576736399,1.8702217770063503,LC5,18.10644574116842,47.371744012093664,LC5,27.15966861175263,38.581712744679585,JOHNSON,27.01716134791496,51.647465077611216,1283.4859726831924,33.19893345811864,True
58.0,6.25,45.5,250.0,1016.1088738954488,345111.8529978965,690223.705995793,7.996776837557182,LC4+,420.6135387112008,2.6066361645139375,LC4+,630.9203080668015,1.9512443587453085,LC5,17.46615983379957,49.144987031767755,LC5,26.199239750699352,40.03272505082468,JOHNSON,27.130649366891987,51.647465077611216,1328.7613077675476,34.40531062530103,True
58.0,6.5,45.00000000000001,250.0,1051.6481407891831,354208.23941955675,708416.4788391135,8.276470868010872,LC4+,409.723240346755,2.702499274183568,LC4+,614.5848605201326,2.0296873867412892,LC5,16.875910593710383,50.8988503463088,LC5,25.313865890565566,41.46787929897912,JOHNSON,27.244315683403904,51.647465077611216,1373.3876160073655,35.594394244800576,True
58.0,6.75,44.50000000000001,250.0,1086.794708601219,363006.41384012904,726012.8276802581,8.553074356691594,LC4+,399.7073290818674,2.79527691795036,LC4+,599.5609936228012,2.105605634464324,LC5,16.33014943810529,52.633333955716815,LC5,24.495224157157935,42.88717548914291,JOHNSON,27.358142839093585,51.647465077611216,1417.3661500287635,36.766217693279074,True
58.0,7.0,44.00000000000001,250.0,1121.548577331556,371512.966241078,743025.932482156,8.826587303599347,LC4+,390.4726360367881,2.8850353648266327,LC4+,585.7089540551822,2.1790533286342293,LC5,15.824120647743836,54.34843785999176,LC5,23.736180971615752,44.29061362131604,JOHNSON,27.472112789737803,51.647465077611216,1460.6982344619792,37.920816265973336,True
58.0,7.25,43.50000000000001,250.0,1155.9097469801943,379734.4129727905,759468.825945581,9.097009708734129,LC4+,381.9388289836596,2.9718402133575723,LC4+,572.9082434754895,2.250084147339837,LC5,15.35372467129485,56.04416205913367,LC5,23.030587006942277,45.67819369549852,JOHNSON,27.586206896551722,51.647465077611216,1503.3852677464151,39.05822722479124,True
58.0,7.5,43.0,250.0,1189.878217547134,387677.1967545757,775354.3935091514,9.364341572095945,LC4+,374.0362719974412,3.0557563893439132,LC4+,561.0544079961618,2.3187512181755072,LC5,14.915408768962505,57.72050655314253,LC5,22.373113153443757,47.049915711690346,JOHNSON,27.700405917797347,51.647465077611216,1545.4287239219454,40.178489846041714,True
58.0,7.75,42.5,250.0,1223.453989032375,395347.68667466484,790695.3733493297,9.62858289368479,LC4+,366.70429934734085,3.1368481435858593,LC4+,550.0564490210112,2.385107116395021,LC5,14.506078822004943,59.377471342018325,LC5,21.759118233007413,48.4057796698915,JOHNSON,27.8146900007274,51.647465077611216,1586.8301544020242,41.28164546767983,True
58.0,8.0,42.0,250.0,1256.6370614359173,402752.1781902115,805504.356380423,9.889733673500668,LC4+,359.8898130143565,3.2151790496484125,LC4+,539.8347195215348,2.4492038630829898,LC5,14.123027678111372,61.01505642576109,LC5,21.18454151716706,49.745785570102015,JOHNSON,27.92903867389728,51.647465077611216,1627.5911897238716,42.36773753594116,True
58.0,1.5,55.0,300.0,266.24997739173523,106316.94409723722,212633.88819447445,2.0953873220729564,LC4+,1485.3099047699545,0.0213356789234862,LC4+,2227.9648571549315,-0.16425970812765045,LC5,66.65735777279697,12.139440080208143,LC5,99.98603665919545,9.751763317665375,JOHNSON,30.02581453131455,51.647465077611216,335.64585930881924,7.9434015270135685,False
58.0,1.75,54.5,300.0,309.2505268377456,122429.38435137436,244858.76870274873,2.4338016462130576,LC4+,1289.524200640585,0.1764028928238912,LC4+,1934.2863009608777,-0.037371045291986316,LC5,57.38881088248425,14.261517792277157,LC5,86.08321632372638,11.488220667642306,JOHNSON,30.155299184572495,51.647465077611216,389.1689047118309,9.36954182552174,False
58.0,2.0,54.00000000000001,300.0,351.8583772020565,138104.41305180715,276208.8261036143,2.769125428580185,LC4+,1142.8892170215456,0.3273377484069846,LC4+,1714.3338255323183,0.08613618436994308,LC5,50.43938456468352,16.36421579921309,LC5,75.65907684702528,13.208819959628551,JOHNSON,30.285267907504128,51.647465077611216,442.0017853420275,10.777292441833932,True
58.0,2.25,53.50000000000001,300.0,394.0735284846694,153350.0191704796,306700.0383409592,3.1013586691743478,LC4+,1029.0235533990867,0.474213097444681,LC4+,1543.5353300986305,0.20632159412964013,LC5,45.036062351725384,18.447534101016004,LC5,67.55409352758807,14.913561193624169,JOHNSON,30.415710392278097,51.647465077611216,494.14487617460236,12.16666336729556,True
58.0,2.5,53.00000000000001,300.0,435.8959806855834,168174.11804825673,336348.23609651346,3.4305013679955416,LC4+,938.0983664039816,0.6171012063640253,LC4+,1407.1475496059722,0.32324431828161515,LC5,40.7150347477085,20.511472697685857,LC5,61.072552121562744,16.602444369629122,JOHNSON,30.546615843834033,51.647465077611216,545.5986110200795,13.537666160940034,True
58.0,2.75,52.50000000000001,300.0,477.32573380479903,182584.5513949263,365169.1027898526,3.7565535250437683,LC4+,863.8589333577536,0.7560737539676032,LC4+,1295.7884000366307,0.43696301027803863,LC5,37.181150612880636,22.55603158922268,LC5,55.77172591932095,18.27546948764343,JOHNSON,30.677972967708588,51.647465077611216,596.3634847534663,14.890314008885326,True
58.0,3.0,52.00000000000001,300.0,518.3627878423156,196589.08728919824,393178.1745783965,4.079515140319024,LC4+,802.1354339878685,0.8912018291700887,LC4+,1203.2031509818028,0.5475358408766011,LC5,34.23764285602759,24.581210775626435,LC5,51.35646428404138,19.93263654766707,JOHNSON,30.809769957785804,51.647465077611216,646.4400555858458,16.224621784861334,True
58.0,3.25,51.50000000000001,300.0,559.0071427981336,210195.4201787045,420390.840357409,4.399386213821312,LC4+,750.0410636044746,1.022555928751085,LC4+,1125.061595406712,0.655020496301701,LC5,31.748288422870676,26.58701025689715,LC5,47.622432634306016,21.57394554970006,JOHNSON,30.94199448398564,51.647465077611216,695.8289473770886,17.540606111832897,True
58.0,3.5,51.00000000000001,300.0,599.2587986722529,223411.1708799993,446822.3417599986,4.71616674555063,LC4+,705.5138120070197,1.1502059551243855,LC4+,1058.2707180105297,0.7594741764190751,LC5,29.615785432474706,28.57343003303481,LC5,44.423678148712064,23.19939649374239,JOHNSON,31.074633679905517,51.647465077611216,744.5308519881469,18.838285424677508,True
58.0,3.75,50.5,300.0,639.1177554646733,236243.8865785591,472487.7731571182,5.029856735506979,LC4+,667.0415307793492,1.2742212141237856,LC4+,1000.5622961690237,0.8609535929239678,LC5,27.768779459266607,30.54047010403942,LC5,41.6531691888999,24.80898937979407,JOHNSON,31.207674130431236,51.647465077611216,792.5465316712106,20.11768003387185,True
58.0,4.0,50.0,300.0,678.5840131753951,248701.04082878242,497402.08165756485,5.3404561836903595,LC4+,633.4901003026547,1.3946704128055698,LC4+,950.2351504539821,0.9595149675429449,LC5,26.153754959465513,32.48813046991098,LC5,39.23063243919826,26.402724207855083,JOHNSON,31.341101859334202,51.647465077611216,839.8768214957796,21.378812190135346,True
58.0,4.25,49.5,300.0,717.6575718044184,260790.03355398998,521580.06710797996,5.647965090100773,LC4+,603.9922436607051,1.511621657267805,LC4+,905.9883654910577,1.0552140302494628,LC5,24.72978854717176,34.41641113064949,LC5,37.09468282075763,27.98060097792545,JOHNSON,31.474902316873536,51.647465077611216,886.5226318084918,22.62170614997314,True
58.0,4.5,49.0,300.0,756.3384313517425,272518.19104642485,545036.3820928497,5.952383454738214,LC4+,577.873402534337,1.625142450486568,LC4+,866.8101038015053,1.1481060174932933,LC5,23.465051178585878,36.32531208625495,LC5,35.197576767878815,29.542619690005147,JOHNSON,31.609060367422526,51.647465077611216,932.4849507243003,23.846388242054367,True
58.0,4.75,48.5,300.0,794.6265918173683,283892.765967252,567785.531934504,6.253711277602688,LC4+,554.6010206677371,1.7352996901692297,LC4+,831.9015310016056,1.2382456704439053,LC5,22.334414909788183,38.21483333672737,LC5,33.50162236468227,31.088780344094204,JOHNSON,31.743560277140386,51.647465077611216,977.7648466463606,25.052886934355463,True
58.0,5.0,48.0,300.0,832.5220532012953,294920.9373465589,589841.8746931178,6.551948558694194,LC4+,533.7490422561099,1.8421596666249282,LC4+,800.6235633841648,1.3256872332479088,LC5,21.317777627337918,40.084974882066724,LC5,31.976666441006873,32.61908294019259,JOHNSON,31.878385701711295,51.647465077611216,1022.3634708117154,26.241232901990816,True
58.0,5.25,47.5,300.0,870.0248155035235,305609.8105833549,611219.6211667098,6.8470952980127295,LC4+,514.972553614078,1.9457880606523434,LC4+,772.4588304211172,1.4104844513006647,LC5,20.39886642742333,41.935736722273035,LC5,30.59829964113499,34.13352747830033,JOHNSON,32.01351967417421,51.647465077611216,1066.2820598596113,27.411459095646453,True
58.0,5.5,47.0,300.0,907.1348787240529,315966.4174455717,631932.8348911434,7.139151495558297,LC4+,497.9893407172131,2.0462499414449105,LC4+,746.9840110758197,1.4926905695321566,LC5,19.564367346301466,43.76711885734629,LC5,29.346551019452196,35.6321139584174,JOHNSON,32.148944592868254,51.647465077611216,1109.5219384189897,28.56360081052464,True
58.0,5.75,46.5,300.0,943.8522428628836,325997.7160700632,651995.4321401264,7.428117151330894,LC4+,482.56625778572896,2.1436097645135903,LC4+,723.8493866785934,1.5723583307072317,LC5,18.80328211772681,45.5791212872865,LC5,28.20492317659021,37.11484238054382,JOHNSON,32.28464220951964,51.647465077611216,1152.0845217114077,29.697695755699645,True
58.0,6.0,46.0,300.0,980.1769079200158,335710.59096260543,671421.1819252109,7.713992265330524,LC4+,468.50900368978733,2.237931369627311,LC4+,702.763505534681,1.6495399737402998,LC5,18.10644574116842,47.371744012093664,LC5,27.15966861175263,38.581712744679585,JOHNSON,32.42059361749795,51.647465077611216,1193.971318165345,30.81378412377685,True
58.0,6.25,45.5,300.0,1016.1088738954488,345111.8529978965,690223.705995793,7.996776837557182,LC4+,455.6543519865238,2.329277978771211,LC4+,683.4815279797858,1.7242872320246074,LC5,17.46615983379957,49.144987031767755,LC5,26.199239750699352,40.03272505082468,JOHNSON,32.55677924027038,51.647465077611216,1235.1839320375345,31.911908660738995,True
58.0,6.5,45.00000000000001,300.0,1051.6481407891831,354208.23941955675,708416.4788391135,8.276470868010872,LC4+,443.86417399589,2.417712194122806,LC4+,665.7962609938348,1.7966513317761659,LC5,16.875910593710383,50.8988503463088,LC5,25.313865890565566,41.46787929897912,JOHNSON,32.69317882008468,51.647465077611216,1275.7240660366424,32.99211473585511,True
58.0,6.75,44.50000000000001,300.0,1086.794708601219,363006.41384012904,726012.8276802581,8.553074356691594,LC4+,433.0207900537329,2.503295996046189,LC4+,649.5311850805994,1.8666829903924431,LC5,16.33014943810529,52.633333955716815,LC5,24.495224157157935,42.88717548914291,JOHNSON,32.8297714069123,51.647465077611216,1315.5935239442786,34.05445041151821,True
58.0,7.0,44.00000000000001,300.0,1121.548577331556,371512.966241078,743025.932482156,8.826587303599347,LC4+,423.02331689822734,2.5860907411043867,LC4+,634.5349753473411,1.9344324148259142,LC5,15.824120647743836,54.34843785999176,LC5,23.736180971615752,44.29061362131604,JOHNSON,32.966535347685365,51.647465077611216,1354.7942132279834,35.09896651286926,True
58.0,7.25,43.50000000000001,300.0,1155.9097469801943,379734.4129727905,759468.825945581,9.097009708734129,LC4+,413.78477074418817,2.6661571600899885,LC4+,620.6771561162824,1.9999492999725592,LC5,15.35372467129485,56.04416205913367,LC5,23.030587006942277,45.67819369549852,JOHNSON,33.103448275862064,51.647465077611216,1393.3281476404977,36.12571669705563,True
58.0,7.5,43.0,300.0,1189.878217547134,387677.1967545757,775354.3935091514,9.364341572095945,LC4+,405.22974971868985,2.743555356074178,LC4+,607.8446245780348,2.0632828270754207,LC5,14.915408768962505,57.72050655314253,LC5,22.373113153443757,47.049915711690346,JOHNSON,33.24048710135681,51.647465077611216,1431.197449799241,37.13475752196219,True
58.0,7.75,42.5,300.0,1223.453989032375,395347.68667466484,790695.3733493297,9.62858289368479,LC4+,397.2925648351605,2.8183448024742526,LC4+,595.9388472527407,2.1244816621432907,LC5,14.506078822004943,59.377471342018325,LC5,21.759118233007413,48.4057796698915,JOHNSON,33.37762800087288,51.647465077611216,1468.4043537395853,38.126148514244214,True
58.0,8.0,42.0,300.0,1256.6370614359173,402752.1781902115,805504.356380423,9.889733673500668,LC4+,389.915721388932,2.89058434113978,LC4+,584.873582083398,2.1835939543846496,LC5,14.123027678111372,61.01505642576109,LC5,21.18454151716706,49.745785570102015,JOHNSON,33.51484640867674,51.647465077611216,1504.951207435129,39.099952236480924,True
58.0,1.5,55.0,350.0,266.24997739173523,106316.94409723722,212633.88819447445,2.0953873220729564,LC4+,1599.054709068879,-0.05131451013121302,LC4+,2398.582063603319,-0.22370802806605994,LC5,66.65735777279697,12.139440080208143,LC5,99.98603665919545,9.751763317665375,JOHNSON,35.030116953200306,51.647465077611216,310.998091721937,7.286653123419585,False
58.0,1.75,54.5,350.0,309.2505268377456,122429.38435137436,244858.76870274873,2.4338016462130576,LC4+,1388.2995074353398,0.09270369388981026,LC4+,2082.4492611530104,-0.10586056777726827,LC5,57.38881088248425,14.261517792277157,LC5,86.08321632372638,11.488220667642306,JOHNSON,35.181182382001246,51.647465077611216,360.2929636420149,8.600132257980679,False
58.0,2.0,54.00000000000001,350.0,351.8583772020565,138104.41305180715,276208.8261036143,2.769125428580185,LC4+,1230.4533993150071,0.23287887281591746,LC4+,1845.6800989725114,0.008842215417814714,LC5,50.43938456468352,16.36421579921309,LC5,75.65907684702528,13.208819959628551,JOHNSON,35.33281255875482,51.647465077611216,408.8635673599331,9.894313012521533,True
58.0,2.25,53.50000000000001,350.0,394.0735284846694,153350.0191704796,306700.0383409592,3.1013586691743478,LC4+,1107.8823632343576,0.36927895085472984,LC4+,1661.823544851537,0.1204559026550236,LC5,45.036062351725384,18.447534101016004,LC5,67.55409352758807,14.913561193624169,JOHNSON,35.48499545765778,51.647465077611216,456.7104132585931,11.169208986373384,True
58.0,2.5,53.00000000000001,350.0,435.8959806855834,168174.11804825673,336348.23609651346,3.4305013679955416,LC4+,1010.0059829881812,0.5019713007162963,LC4+,1515.0089744822722,0.22903562378982345,LC5,40.7150347477085,20.511472697685857,LC5,61.072552121562744,16.602444369629122,JOHNSON,35.63771848447304,51.647465077611216,503.8340918023196,12.424835912665058,True
58.0,2.75,52.50000000000001,350.0,477.32573380479903,182584.5513949263,365169.1027898526,3.7565535250437683,LC4+,930.0912619288772,0.6310227416328558,LC4+,1395.1368928933164,0.3346360557769179,LC5,37.181150612880636,22.55603158922268,LC5,55.77172591932095,18.27546948764343,JOHNSON,35.79096846232669,51.647465077611216,550.2352765709835,13.661211739168225,True
58.0,3.0,52.00000000000001,350.0,518.3627878423156,196589.08728919824,393178.1745783965,4.079515140319024,LC4+,863.6495300486035,0.7564995373929375,LC4+,1295.4742950729055,0.4373114210615905,LC5,34.23764285602759,24.581210775626435,LC5,51.35646428404138,19.93263654766707,JOHNSON,35.94473161741677,51.647465077611216,595.9147273518928,14.878356710681928,True
58.0,3.25,51.50000000000001,350.0,559.0071427981336,210195.4201787045,420390.840357409,4.399386213821312,LC4+,807.5732400416146,0.8784673943899237,LC4+,1211.3598600624223,0.5371154859828768,LC5,31.748288422870676,26.58701025689715,LC5,47.622432634306016,21.57394554970006,JOHNSON,36.09899356464991,51.647465077611216,640.8732932876487,16.076293452908306,True
58.0,3.5,51.00000000000001,350.0,599.2587986722529,223411.1708799993,446822.3417599986,4.71616674555063,LC4+,759.6427078557214,0.9969914596851803,LC4+,1139.4640617835823,0.6341015591886638,LC5,29.615785432474706,28.57343003303481,LC5,44.423678148712064,23.19939649374239,JOHNSON,36.2537392932231,51.647465077611216,685.1119160778807,17.25504705776394,True
58.0,3.75,50.5,350.0,639.1177554646733,236243.8865785591,472487.7731571182,5.029856735506979,LC4+,718.2301569704384,1.1121363190858582,LC4+,1077.345235455658,0.7283224900627849,LC5,27.768779459266607,30.54047010403942,LC5,41.6531691888999,24.80898937979407,JOHNSON,36.40895315216977,51.647465077611216,728.6316332325135,18.41464517006431,True
58.0,4.0,50.0,350.0,678.5840131753951,248701.04082878242,497402.08165756485,5.3404561836903595,LC4+,682.114746020665,1.2239659952374664,LC4+,1023.1721190309979,0.8198306671642106,LC5,26.153754959465513,32.48813046991098,LC5,39.23063243919826,26.402724207855083,JOHNSON,36.5646188358899,51.647465077611216,771.4335813739231,19.555118075510872,True
58.0,4.25,49.5,350.0,717.6575718044184,260790.03355398998,521580.06710797996,5.647965090100773,LC4+,650.3628807406549,1.3325439457313277,LC4+,975.5443211109825,0.9086780166784141,LC5,24.72978854717176,34.41641113064949,LC5,37.09468282075763,27.98060097792545,JOHNSON,36.72071936968579,51.647465077611216,813.5189995850325,20.676498789902276,True
58.0,4.5,49.0,350.0,756.3384313517425,272518.19104642485,545036.3820928497,5.952383454738214,LC4+,622.2484218809898,1.4379330612270143,LC4+,933.372632821485,0.9949160008809925,LC5,23.465051178585878,36.32531208625495,LC5,35.197576767878815,29.542619690005147,JOHNSON,36.87723709532628,51.647465077611216,854.8892328000834,21.778823149482637,True
58.0,4.75,48.5,350.0,794.6265918173683,283892.765967252,567785.531934504,6.253711277602688,LC4+,597.1980905817867,1.540195663589862,LC4+,895.7971358726803,1.0785956166136326,LC5,22.334414909788183,38.21483333672737,LC5,33.50162236468227,31.088780344094204,JOHNSON,37.03415365666378,51.647465077611216,895.545735234482,22.862129902330988,True
58.0,5.0,48.0,350.0,832.5220532012953,294920.9373465589,589841.8746931178,6.551948558694194,LC4+,574.75325209215,1.6393935040436793,LC4+,862.1298781382254,1.1597673937725022,LC5,21.317777627337918,40.084974882066724,LC5,31.976666441006873,32.61908294019259,JOHNSON,37.19144998532985,51.647465077611216,935.4900738497586,23.926460800686346,True
58.0,5.25,47.5,350.0,870.0248155035235,305609.8105833549,611219.6211667098,6.8470952980127295,LC4+,554.5426183869221,1.7355877613387336,LC4+,831.8139275803835,1.2384813938091495,LC5,20.39886642742333,41.935736722273035,LC5,30.59829964113499,34.13352747830033,JOHNSON,37.34910628653658,51.647465077611216,974.7239318493325,24.971860694093593,True
58.0,5.5,47.0,350.0,907.1348787240529,315966.4174455717,631932.8348911434,7.139151495558297,LC4+,536.262395486026,1.8288390399351249,LC4+,804.3935932290393,1.3147872082439904,LC5,19.564367346301466,43.76711885734629,LC5,29.346551019452196,35.6321139584174,JOHNSON,37.50710202501296,51.647465077611216,1013.2491122003734,25.998377623244693,True
58.0,5.75,46.5,350.0,943.8522428628836,325997.7160700632,651995.4321401264,7.428117151330894,LC4+,519.6616096973386,1.9192073682016488,LC4+,779.492414546008,1.3887339571924713,LC5,18.80328211772681,45.5791212872865,LC5,28.20492317659021,37.11484238054382,JOHNSON,37.665415911106244,51.647465077611216,1051.0675411766683,27.00606291437965,True
58.0,6.0,46.0,350.0,980.1769079200158,335710.59096260543,671421.1819252109,7.713992265330524,LC4+,504.5311022638148,2.0067521966302375,LC4+,756.7966533957224,1.4603702879039773,LC5,18.10644574116842,47.371744012093664,LC5,27.15966861175263,38.581712744679585,JOHNSON,37.82402588708094,51.647465077611216,1088.18127191698,27.994971274100184,True
58.0,6.25,45.5,350.0,1016.1088738954488,345111.8529978965,690223.705995793,7.996776837557182,LC4+,490.6951652618467,2.0915323960660843,LC4+,736.0427478927703,1.5297443733135778,LC5,17.46615983379957,49.144987031767755,LC5,26.199239750699352,40.03272505082468,JOHNSON,37.98290911364878,51.647465077611216,1124.5924879929732,28.965160884438404,True
58.0,6.5,45.00000000000001,350.0,1051.6481407891831,354208.23941955675,708416.4788391135,8.276470868010872,LC4+,478.00510764502485,2.173606255953548,LC4+,717.0076614675374,1.5969039106066822,LC5,16.875910593710383,50.8988503463088,LC5,25.313865890565566,41.46787929897912,JOHNSON,38.14204195676546,51.647465077611216,1160.3035069803332,29.916693498010478,True
58.0,6.75,44.50000000000001,350.0,1086.794708601219,363006.41384012904,726012.8276802581,8.553074356691594,LC4+,466.3342510255983,2.253031482597936,LC4+,699.5013765383977,1.6618961197966842,LC5,16.33014943810529,52.633333955716815,LC5,24.495224157157935,42.88717548914291,JOHNSON,38.30139997473101,51.647465077611216,1195.31678402625,30.84963453307354,True
58.0,7.0,44.00000000000001,350.0,1121.548577331556,371512.966241078,743025.932482156,8.826587303599347,LC4+,455.57399775966655,2.329865197443244,LC4+,683.3609966395002,1.7247677423156746,LC5,15.824120647743836,54.34843785999176,LC5,23.736180971615752,44.29061362131604,JOHNSON,38.460957905632924,51.647465077611216,1229.634915405988,31.76405316829171,True
58.0,7.25,43.50000000000001,350.0,1155.9097469801943,379734.4129727905,759468.825945581,9.097009708734129,LC4+,445.6307125047167,2.4041639353659754,LC4+,668.4460687570753,1.7855650396183012,LC5,15.35372467129485,56.04416205913367,LC5,23.030587006942277,45.67819369549852,JOHNSON,38.620689655172406,51.647465077611216,1263.2606420607772,32.66002243700446,True
58.0,7.5,43.0,350.0,1189.878217547134,387677.1967545757,775354.3935091514,9.364341572095945,LC4+,436.42322743993844,2.4759836429851183,LC4+,654.6348411599079,1.8443337917988525,LC5,14.915408768962505,57.72050655314253,LC5,22.373113153443757,47.049915711690346,JOHNSON,38.780568284916285,51.647465077611216,1296.1968531087714,33.53761932077728,True
58.0,7.75,42.5,350.0,1223.453989032375,395347.68667466484,790695.3733493297,9.62858289368479,LC4+,427.8808303229801,2.5453796769883636,LC4+,641.8212454844704,1.9011192962216352,LC5,14.506078822004943,59.377471342018325,LC5,21.759118233007413,48.4057796698915,JOHNSON,38.94056600101836,51.647465077611216,1328.4465893203392,34.396924842002115,True
58.0,8.0,42.0,350.0,1256.6370614359173,402752.1781902115,805504.356380423,9.889733673500668,LC4+,419.9416297635074,2.6124068024746854,LC4+,629.9124446452614,1.9559663661647377,LC5,14.123027678111372,61.01505642576109,LC5,21.18454151716706,49.745785570102015,JOHNSON,39.10065414345619,51.647465077611216,1360.0130465484335,35.23802415530066,True
