check,value,criterion,status
BARREL_ID_64_MM,64.0,|value-64.0| <= 0.1 mm,PASS
BARREL_OD_74_MM,74.0,|value-74.0| <= 0.1 mm,PASS
PIN_PROFILE_REPRODUCTION,1.7763568394002505e-15,max error <= 0.002 mm,PASS
FIXED_CAVITY_CONTINUITY,0.0,|residual| <= 0.05 cm^3,PASS
SWEPT_VOLUME_IDENTITY,7.860379014346108e-14,|swept-transfer-dVpin| <= 0.05 cm^3,PASS
UPPER_OIL_VOLUME_POSITIVE,80.42477193189875,minimum >= 0 cm^3,PASS
LOWER_RESERVOIR_REMAINING_POSITIVE,206.73476892530948,minimum >= 0 cm^3,PASS
CLOSURE_AXIAL_RESERVE_OVER_E2_ENVELOPE,40.32918481079099,>= 0 mm,PASS
CLOSURE_6MM_LIMIT_AND_ULTIMATE,6.0,first 0.5-mm grid PASS <= 6.0 mm,PASS
