source_key,filename,path,sha256
architecture,phase2e2_architecture_inputs.csv,C:\Users\Shahi\OneDrive\Documents\Python\Landing_Gear_Project\phase2_structures\phase2e2_architecture_inputs.csv,b83754f01e1389de711b2665b466ed2470dc8dae7e69069ceed93d2a7ecb9f77
states,phase2e2_stroke_cavity_states.csv,C:\Users\Shahi\OneDrive\Documents\Python\Landing_Gear_Project\phase2_structures\phase2e2_stroke_cavity_states.csv,fdbe0e910271abf4562a2ae517868a2ecbff7edcaea32a5b7702f00bc7eb78a2
metering_candidate,phase2e2_metering_working_candidate.csv,C:\Users\Shahi\OneDrive\Documents\Python\Landing_Gear_Project\phase2_structures\phase2e2_metering_working_candidate.csv,88a7e61d5b59285ede6717348bb0534079d176135f77be31b144dba694b0c2cb
metering_profile,phase2e2_metering_pin_profile_map.csv,C:\Users\Shahi\OneDrive\Documents\Python\Landing_Gear_Project\phase2_structures\phase2e2_metering_pin_profile_map.csv,72edee0c91e61eeb05c6a86c6659f7606dcff297d44dc34ad0fb9f2b37662d04
metering_compare,phase2e2_metering_law_comparison.csv,C:\Users\Shahi\OneDrive\Documents\Python\Landing_Gear_Project\phase2_structures\phase2e2_metering_law_comparison.csv,711ab6748443e050c18e5b9fc36b4ef75d86e208442a940c1210f7178a8b82e5
metering_delta,phase2e2_metering_law_delta.csv,C:\Users\Shahi\OneDrive\Documents\Python\Landing_Gear_Project\phase2_structures\phase2e2_metering_law_delta.csv,1efd06ab45bef5c1c8cea3a9dfe95fde0db60122ba70f3cfd5508587ae1d2568
continuity_states,phase2e2c_fluid_continuity_states.csv,C:\Users\Shahi\OneDrive\Documents\Python\Landing_Gear_Project\phase2_structures\phase2e2c_fluid_continuity_states.csv,e0b138d15d49041c716efa60a35ed27099a621f852c16b9cfb833263f7ba1797
continuity_checks,phase2e2c_continuity_checks.csv,C:\Users\Shahi\OneDrive\Documents\Python\Landing_Gear_Project\phase2_structures\phase2e2c_continuity_checks.csv,7b566ef97a9609fb0116187c1483f228a31269401fc62a693bacbd60005bde5f
closure_screen,phase2e2c_closure_structural_screen.csv,C:\Users\Shahi\OneDrive\Documents\Python\Landing_Gear_Project\phase2_structures\phase2e2c_closure_structural_screen.csv,7da70f973ea2546c04d37cfcceaa398d914fff67f36a17fa698fecf58ebe9b16
e3_interface,phase2e2c_e3_interface.csv,C:\Users\Shahi\OneDrive\Documents\Python\Landing_Gear_Project\phase2_structures\phase2e2c_e3_interface.csv,a90c782d91e5f2b9c416fe02f00c0d22519163cdfda3eaf8901479dc899552db
