,ID_mm,wall_mm,OD_mm,A_mm2,I_mm4,J_mm4,mass_per_m_kg,physical_pressure_MPa,virtual_pressure_MPa,limit_governing_case,limit_governing_surface,limit_vm_MPa,MS_limit_yield,ultimate_governing_case,ultimate_governing_surface,ultimate_vm_MPa,MS_ultimate,limit_tau_screen_MPa,MS_limit_shear,ultimate_tau_screen_MPa,MS_ultimate_shear,virtual_vm_MPa,virtual_governing_surface,MS_virtual_vs_yield,PASS
0,62.0,2.0,66.0,402.1238596594941,206088.4780754907,412176.9561509814,3.1647147755202183,9.292136857325454,10.514733499585716,LC4+,outer,1115.325878990386,0.3601405908138857,LC4+,outer,1667.5252550084658,0.11662476739553,44.13446149409798,18.84481805624357,66.20169224114696,15.238651382432668,169.64851329416356,inner,7.942017648982189,True
1,62.0,2.25,66.5,454.15648798457534,234635.69180015576,469271.3836003115,3.574211560438608,9.292136857325454,10.514733499585716,LC4+,outer,987.0678554572368,0.536875090818639,LC4+,outer,1475.7618419587595,0.2617211985428431,39.07798406394839,21.41262898637276,58.616976095922574,17.339844066194715,152.11999222504443,inner,8.972390727944353,True
2,62.0,2.5,67.0,506.581815391355,263834.1417285099,527668.2834570198,3.986798887129964,9.292136857325454,10.514733499585716,LC4+,outer,884.4473032759233,0.7151954609179667,LC4+,outer,1322.329575461839,0.4081209666279106,35.03386710849327,23.99981962163498,52.550800662739896,19.45689480794741,138.10506342368114,inner,9.984390886133705,True
3,62.0,2.75,67.5,559.399841879833,293693.6576094417,587387.3152188835,4.402476755594286,9.292136857325454,10.514733499585716,LC4+,outer,800.4733682243086,0.8951286329052566,LC4+,outer,1196.776289588381,0.5558463316819355,31.72600110211046,26.606389962030235,47.58900165316569,21.589803607690744,126.64533414615192,inner,10.978333116081036,True
4,62.0,3.0,68.0,612.6105674500102,324224.142822918,648448.2856458359,4.821245165831581,9.292136857325454,10.514733499585716,LC4+,outer,730.4854469570869,1.076701194143184,LC4+,outer,1092.133822692329,0.7049192702500473,28.97031318586945,29.23234000755856,43.45546977880417,23.73857046542476,117.10187884184998,inner,11.954531686453636,True
5,62.0,3.25,68.5,666.2139921018866,355435.5743799829,710871.1487599658,5.243104117841847,9.292136857325454,10.514733499585716,LC4+,outer,671.2569373877583,1.2599393995144514,LC4+,outer,1003.5780168502808,0.8553614853420841,26.63936844677649,31.87766975821995,39.95905267016473,25.90319538114944,109.03236710586845,inner,12.913299695007272,True
6,62.0,3.5,69.0,720.2101158354607,387338.0029227587,774676.0058455174,5.668053611625076,9.292136857325454,10.514733499585716,LC4+,outer,620.483096041936,1.444869182862432,LC4+,outer,927.6630032433632,1.0071944159570223,24.642142077402596,34.54237921401435,36.96321311610389,28.08367835486474,102.12085107967464,inner,13.854948660939357,True
7,62.0,3.75,69.5,774.5989386507346,419941.5527244457,839883.1054488914,6.096093647181281,9.292136857325454,10.514733499585716,LC4+,outer,576.4737524617141,1.6315161679468662,LC4+,outer,861.8617733746482,1.160439246202181,22.91188267171423,37.22646837494185,34.36782400757135,30.280019386570743,96.1356378910366,inner,14.779788154309845,True
8,62.0,4.0,70.0,829.3804605477061,453256.4216893215,906512.8433786428,6.527224224510447,9.292136857325454,10.514733499585716,LC4+,outer,537.9612557009815,1.8199056789383432,LC4+,outer,804.2790360686596,1.3151169140271426,21.39852678501721,39.92993724100236,32.097790177525816,32.49221847626736,90.90295992867172,inner,15.688125460274726,True
9,62.0,4.25,70.5,884.5546815263768,487292.8813527418,974585.7627054836,6.961445343612586,9.292136857325454,10.514733499585716,LC4+,outer,503.9762044034134,2.010062750474029,LC4+,outer,753.4654190482413,1.4712481195912508,20.06379070808273,42.65278581219593,30.09568606212409,34.720275623954656,86.28993796096806,inner,16.580265275960585,True
10,62.0,4.5,71.0,940.1216015867454,522061.27688113926,1044122.5537622784,7.3987570044876865,9.292136857325454,10.514733499585716,LC4+,outer,473.76460018079615,2.2020121372957973,LC4+,outer,708.293603308429,1.6288533332824486,18.87789831660669,45.3950140885225,28.316847474910023,36.96419082963256,82.19322321507804,inner,17.456509437893803,True
11,62.0,4.75,71.5,996.081220728813,557572.0270720271,1115144.0541440542,7.839159207135759,9.292136857325454,10.514733499585716,LC4+,outer,446.7311630756064,2.3957783234908496,LC4+,outer,667.8735729408165,1.7879528034043064,17.81734223140407,48.15662206998215,26.726013347106104,39.22396409330115,78.53122616791339,inner,18.3171566779868,True
12,62.0,5.0,72.0,1052.4335389525804,593835.6243539933,1187671.248707987,8.282651951556808,9.292136857325454,10.514733499585716,LC4+,outer,422.3996523782308,2.591385531353676,LC4+,outer,631.493290000567,1.948566563547062,16.863316630580744,50.9376097565749,25.29497494587112,41.49959541496043,75.23867669995242,inner,19.16250240617216,True
13,62.0,5.25,72.5,1109.1785562580462,630862.634786705,1261725.26957341,8.729235237750824,9.292136857325454,10.514733499585716,LC4+,outer,400.3845243471532,2.788857729887397,LC4+,outer,598.5763194016732,2.110714439657793,16.000597829688935,53.73797714830068,24.0008967445334,43.79108479461036,72.26273849098716,inner,19.992838517864985,True
14,62.0,5.5,73.0,1166.3162726452106,668663.6980609071,1337327.396121814,9.178909065717807,9.292136857325454,10.514733499585716,LC4+,outer,380.370319635633,2.9882186429613524,LC4+,outer,568.6510106495479,2.2744160568238683,15.216730158234476,56.5577242451595,22.82509523735171,46.098432232250936,69.56018312633863,inner,20.808453224522854,True
15,62.0,5.75,73.5,1223.8466881140732,707249.5274984218,1414499.0549968437,9.631673435457756,9.292136857325454,10.514733499585716,LC4+,outer,362.096427905428,3.1894917571410257,LC4+,outer,541.3277191125151,2.439690845783168,14.501424216254264,59.39685104715136,21.752136324381397,48.42163772788215,67.09530139301096,inner,21.609630905660108,True
16,62.0,6.0,74.0,1281.769802664635,746630.9100521499,1493261.8201042998,10.08752834697068,9.292136857325454,10.514733499585716,LC4+,outer,345.34566128128563,3.392700329205516,LC4+,outer,516.2817219666151,2.6065580491737887,13.84610556677586,62.25535755427629,20.76915835016379,50.76070128150404,64.83833675209175,inner,22.396651980759827,True
17,62.0,6.25,74.5,1340.085616296896,786818.7063060694,1573637.4126121388,10.546473800256573,9.292136857325454,10.514733499585716,LC4+,outer,329.9355701707452,3.5978673933669416,LC4+,outer,493.2402343051304,2.775036727535332,13.243571742111763,65.13324376653428,19.86535761316764,53.1156228931166,62.76429477808399,inner,23.16979279961105,True
18,62.0,6.5,75.0,1398.7941290108554,827823.8504752367,1655647.7009504733,11.008509795315431,9.292136857325454,10.514733499585716,LC4+,outer,315.7117631200947,3.805015768205453,LC4+,outer,471.97242152229273,2.9451457650731654,12.687728402570576,68.03050968392532,19.031592603855863,55.48640256271981,60.85202734333142,inner,23.92932554968102,True
19,62.0,6.75,75.5,1457.895340806513,869657.3504057853,1739314.7008115705,11.47363633214726,9.292136857325454,10.514733499585716,LC4+,outer,302.54271114153613,4.014168063332764,LC4+,outer,452.28163115931807,3.1169038751965203,12.173384126587582,70.94715530644937,18.26007618988137,57.87304029031367,59.08352031735207,inner,24.675518179211757,True
20,62.0,7.0,76.0,1517.3892516838705,912330.2875749269,1824660.5751498532,11.941853410752058,9.292136857325454,10.514733499585716,LC4+,outer,290.3156653937424,4.2253466857965085,LC4+,outer,433.99928934717286,3.2903296058407,11.696089174419354,73.88318063410652,17.54413376162903,60.2755360758982,57.443333902372935,inner,25.408634334807196,True
21,62.0,7.25,76.5,1577.2758616429255,955853.8170909508,1911707.6341819016,12.413161031129825,9.292136857325454,10.514733499585716,LC4+,outer,278.9334194753297,4.438573846237063,LC4+,outer,416.9800600468607,3.4654413445831107,11.252007611093337,76.83858566689669,16.878011416640007,62.69388991947336,55.918158761860965,inner,26.12893331235132,True
22,62.0,7.5,77.0,1637.55517068368,1000239.167693225,2000478.33538645,12.887559193280564,9.292136857325454,10.514733499585716,LC4+,outer,268.31171925490264,4.653871564807846,LC4+,outer,401.09797243448185,3.6422573235623927,10.837815004785703,79.81337040481993,16.25672250717855,65.12810182103921,54.49646092369798,inner,26.836670020168725,True
23,62.0,7.75,77.5,1698.227178806133,1045497.6417521938,2090995.283504388,13.365047897204269,9.292136857325454,10.514733499585716,LC4+,outer,258.3771740197432,4.871261676869654,LC4+,outer,386.24329781774594,3.8207956242094063,10.45061592553044,82.80753484787621,15.675923888295657,67.5781717805957,53.16819541212309,inner,27.532094953407103,True
24,62.0,8.0,78.0,1759.2918860102843,1091640.615269381,2183281.230538762,13.845627142900938,9.292136857325454,10.514733499585716,LC4+,outer,249.0655592797066,5.09076583846895,LC4+,outer,372.3200121239586,4.001074181798408,10.087876912936691,85.82107899606554,15.13181536940504,70.04409979814284,51.92457357403295,inner,28.21545417868659,True
25,64.0,2.0,68.0,414.6902302738532,226006.17549924983,452012.3509984997,3.263612112255225,9.292136857325454,10.514733499585716,LC4+,outer,1049.967398846957,0.4448067641585105,LC4+,outer,1568.752794152215,0.1869301568359989,42.79705357003441,19.464968620501185,64.1955803550516,15.746109238133688,172.99141192546014,inner,7.769221449291695,True
26,64.0,2.25,68.5,468.2936549257295,257217.6070563148,514435.2141126296,3.6854710642654913,9.292136857325454,10.514733499585716,LC4+,outer,929.3624971469604,0.6323017172061722,LC4+,outer,1388.552442962348,0.3409648367530113,37.898271337489554,22.110298371162585,56.847407006234334,17.91073415385837,155.1139713166505,inner,8.779905621158962,True
27,64.0,2.5,69.0,522.2897786593036,289120.0355990906,578240.0711981812,4.11042055804872,9.292136857325454,10.514733499585716,LC4+,outer,832.8658922951383,0.821421688694185,LC4+,outer,1244.3727772061884,0.4963361736187135,33.980216969892,24.775007826956973,50.97032545483798,20.09121712757367,140.8192788572355,inner,9.772672693047628,True
28,64.0,2.75,69.5,576.6786014745775,321723.58540077764,643447.1708015553,4.538460593604925,9.292136857325454,10.514733499585716,LC4+,outer,753.9036115399309,1.0121935706095917,LC4+,outer,1126.3915078396556,0.6530664400792516,30.77540930878877,27.459096987884475,46.16311396318315,22.287558159279676,129.1300958393392,inner,10.747842283702925,True
29,64.0,3.0,70.0,631.4601233715491,355038.4543656534,710076.9087313068,4.969591170934091,9.292136857325454,10.514733499585716,LC4+,outer,688.0929782378072,1.2046439187404698,LC4+,outer,1028.0603997205417,0.811177631689878,28.10552771763454,30.162565853944983,42.15829157645181,24.49975724897629,119.3949324436285,inner,11.705731884527353,True
30,64.0,3.25,70.5,686.6343443502199,389074.9140290737,778149.8280581475,5.40381229003623,9.292136857325454,10.514733499585716,LC4+,outer,632.3998062342615,1.3987989639548588,LC4+,outer,944.8460209801664,0.9706914763406578,25.847119571035943,32.88541442513855,38.77067935655391,26.727814396663582,111.162759655179,inner,12.646656530529231,True
31,64.0,3.5,71.00000000000001,742.2012644105897,423843.3095574721,847686.6191149442,5.841123950911341,9.292136857325454,10.514733499585716,LC4+,outer,584.6567966470564,1.5946846230127338,LC4+,outer,873.5101712265994,1.1316294432901048,23.912004534368425,35.6276427014652,35.86800680155264,28.971729602341547,104.11141607243204,inner,13.57092850360039,True
32,64.0,3.75,71.50000000000001,798.160883552658,459354.05974836,918708.11949672,6.281526153559419,9.292136857325454,10.514733499585716,LC4+,outer,543.2745759304034,1.7923265089333689,LC4+,outer,811.678138457677,1.2940127518256297,22.235517131589827,38.38925068292488,33.35327569738474,31.23150286601016,98.0046519925766,inner,14.478857066039128,True
33,64.0,4.0,72.00000000000001,854.5132017764248,495617.6570303263,991235.3140606524,6.725018897980463,9.292136857325454,10.514733499585716,LC4+,outer,507.0610946594589,1.9917499409391957,LC4+,outer,757.5688596229649,1.4578623795686383,20.76915835016376,41.17023836951759,31.15373752524563,33.507134187669415,92.6652819650148,inner,15.37074822232488,True
34,64.0,4.25,72.50000000000001,911.2582190818906,532644.6674630379,1065289.3349260758,7.171602184174479,9.292136857325454,10.514733499585716,LC4+,outer,475.1047679148172,2.1929799539961405,LC4+,outer,709.8203186260121,1.623199070441156,19.475840797223157,43.97060576124338,29.21376119583473,35.79862356731934,87.95781291436892,inner,16.246904507242252,True
35,64.0,4.5,73.0,968.3959354690536,570445.730737239,1140891.461474478,7.621276012141451,9.292136857325454,10.514733499585716,LC4+,outer,446.6965688668506,2.396041307969349,LC4+,outer,667.3731449843428,1.790043342309922,18.326718803713057,46.79035285810213,27.49007820556959,38.105971004959855,83.77686288938594,inner,17.10762479854322,True
36,64.0,4.75,73.5,1025.926350937916,609031.5601747539,1218063.1203495078,8.074040381881401,9.292136857325454,10.514733499585716,LC4+,outer,421.276724380869,2.600958496412222,LC4+,outer,629.3909707993972,1.958415494323109,17.299019548308678,49.62947966009398,25.948529322463013,40.42917650059108,80.03923704930857,inner,17.953204152426448,True
37,64.0,5.0,74.0,1083.849465488478,648412.9427284818,1296825.8854569637,8.529895293394322,9.292136857325454,10.514733499585716,LC4+,outer,398.3974019357084,2.807755755005668,LC4+,outer,595.2046806278013,2.128335613953887,16.374524844187107,52.48798616721891,24.561787266280657,42.76824005421297,76.67838085464763,inner,18.783933660201328,True
38,64.0,5.25,74.5,1142.165279120739,688600.7389824014,1377201.4779648029,8.988840746680216,9.292136857325454,10.514733499585716,LC4+,outer,377.6960574178395,3.016457069663732,LC4+,outer,564.2725899533696,2.2998235837644923,15.538486701033658,55.365872379476905,23.30773005155049,45.12316166582553,73.64041806092888,inner,19.60010032459157,True
39,64.0,5.5,75.0,1200.8737918346983,729605.8831515687,1459211.7663031374,9.450876741739076,9.292136857325454,10.514733499585716,LC4+,outer,358.87605169416776,3.227086184320762,LC4+,outer,536.1514840686058,2.472899087903558,14.778838642889598,58.263138296867936,22.1682579643344,47.49394133542874,70.88126925995634,inner,20.40198695421801,True
40,64.0,5.75,75.5,1259.9750036303562,771439.3830821172,1542878.7661642344,9.916003278570903,9.292136857325454,10.514733499585716,LC4+,outer,341.6923237264704,3.4396666084145933,LC4+,outer,510.4752120235887,2.6475816183489007,14.085612769193206,61.179783919392,21.128419153789807,49.880579063022594,68.36452210633304,inner,21.1898720748824,True
41,64.0,6.0,76.0,1319.4689145077132,814112.3202512588,1628224.6405025176,10.3842203571757,9.292136857325454,10.514733499585716,LC4+,outer,325.94064540277327,3.654221624079452,LC4+,outer,486.9386320808501,2.8238904809073317,13.45050255058226,64.11580924704914,20.175753825873382,52.28307484860712,66.05983398772887,inner,21.964029856354085,True
42,64.0,6.25,76.5,1379.3555244667684,857635.8497672828,1715271.6995345657,10.855527977553468,9.292136857325454,10.514733499585716,LC4+,outer,311.4494552048882,3.8707742930615687,LC4+,outer,465.2854102545182,3.001844800982385,12.86653055372424,67.07121427983931,19.29979583058636,54.70142869218229,63.941718054666055,inner,22.72473005343808,True
43,64.0,6.5,77.0,1439.634833507523,902021.200369557,1804042.400739114,11.329926139704206,9.292136857325454,10.514733499585716,LC4+,outer,298.07357641003574,4.089347463369869,LC4+,outer,445.2986345648407,3.181463529120413,12.327792845050842,70.04599901776255,18.491689267576263,57.13564059374813,61.98860939765972,inner,23.472237960177115,True
44,64.0,6.75,77.5,1500.306841629976,947279.674428526,1894559.348857052,11.80741484362791,9.292136857325454,10.514733499585716,LC4+,outer,285.68933124362263,4.309963775673417,LC4+,outer,426.7935150077796,3.3627654463448438,11.829260193680508,73.04016346081885,17.74389029052076,59.58571055330462,60.18213874093084,inner,24.20681437611096,True
45,64.0,7.0,78.0,1561.3715488341272,993422.6479457133,1986845.2958914265,12.28799408932458,9.292136857325454,10.514733499585716,LC4+,outer,274.1907019953687,4.532645669456812,LC4+,outer,409.6116478108888,3.5457691692880173,11.366621873731486,76.05370760900816,17.04993281059723,62.05163857085176,58.50656177355825,inner,24.928715583584346,True
46,64.0,7.25,78.5,1622.828955119978,1040461.5705537192,2080923.1411074384,12.771663876794229,9.292136857325454,10.514733499585716,LC4+,outer,263.48628638348634,4.757415388944037,LC4+,outer,393.61646638912407,3.730493155129469,10.936161783413525,79.08663146233054,16.404242675120283,64.53342464638958,56.94830655041975,inner,25.6381933351593,True
47,64.0,7.5,79.0,1684.6790604875268,1088407.9655162226,2176815.9310324453,13.258424206036835,9.292136857325454,10.514733499585716,LC4+,outer,253.49686184236293,4.984294988800874,LC4+,outer,378.6896021039328,3.9169557063490936,10.534659340316177,82.13893502078596,15.80198901047426,67.03106877991803,55.49561141331096,inner,26.33549485024934,True
48,64.0,7.75,79.5,1746.921864936775,1137273.4297279797,2274546.8594559594,13.748275077052416,9.292136857325454,10.514733499585716,LC4+,outer,244.15342123489364,5.213306339625419,LC4+,outer,364.7279493861801,4.1051749753032585,10.159309558268266,85.21061828437446,15.2389643374024,69.54457097143715,54.13823299220536,inner,27.020862820151752,True
49,64.0,8.0,80.0,1809.5573684677213,1187069.633714825,2374139.2674296494,14.241216489840966,9.292136857325454,10.514733499585716,LC4+,outer,235.39557686532945,5.444471133235781,LC4+,outer,351.64128114333545,4.295168968631457,9.80765810979956,88.30168125309598,14.711487164699342,72.07393122094692,52.86720895662796,inner,27.694535420709283,True
50,66.0,2.0,70.0,427.256600888212,247167.94361383075,494335.8872276615,3.3625094489902283,9.292136857325454,10.514733499585716,LC4+,outer,990.5012237909906,0.5315478300914325,LC4+,outer,1478.7487592940174,0.2591726541085681,41.53831670032756,20.08511918475877,62.30747505049133,16.25356709383469,176.45868692036288,inner,7.596913115899095,True
51,66.0,2.25,70.5,482.4308218668828,281204.4032772511,562408.8065545022,3.796730568092368,9.292136857325454,10.514733499585716,LC4+,outer,876.8481505573316,0.7300601010970746,LC4+,outer,1309.0674251908492,0.4223866274332954,36.787699283643775,22.80796775595235,55.181548925465655,18.481624241521985,158.21577961504326,inner,8.588171316988932,True
52,66.0,2.5,71.00000000000001,537.9977419272526,315972.7988056496,631945.5976112991,4.234042228967478,9.292136857325454,10.514733499585716,LC4+,outer,785.9142961036582,0.930235914425859,LC4+,outer,1173.3048803971662,0.5869703016744539,32.98809384668346,25.55019603227899,49.4821407700252,20.72553944719995,143.62815793934058,inner,9.561995793615097,True
53,66.0,2.75,71.50000000000001,593.9573610693209,351483.54899653734,702967.0979930747,4.674444431615556,9.292136857325454,10.514733499585716,LC4+,outer,711.5043878706784,1.1321021006489236,LC4+,outer,1062.2118716479606,0.7529459514618435,29.8801246743513,28.31180401373867,44.82018701152695,22.98531271086856,131.6988133387848,inner,10.51870667275974,True
54,66.0,3.0,72.00000000000001,650.3096792930877,387747.1462785037,775494.2925570073,5.1179371760366,9.292136857325454,10.514733499585716,LC4+,outer,649.488220644745,1.3356851622252344,LC4+,outer,969.6221946048277,0.9203355805596672,27.29087474031181,31.09279170033139,40.93631211046771,25.260944032527817,121.7630758187635,inner,11.458620889784,True
55,66.0,3.25,72.50000000000001,707.0546965985535,424774.15671121527,849548.3134224305,5.564520462230616,9.292136857325454,10.514733499585716,LC4+,outer,597.0064003511823,1.541011284146438,LC4+,outer,891.2669065119711,1.08916093080024,25.100632363208188,33.893159092057175,37.65094854481229,27.55243341217774,113.36079137339246,inner,12.382051956599726,True
56,66.0,3.5,73.00000000000001,764.1924129857179,462575.2199854174,925150.4399708348,6.014194290197599,9.292136857325454,10.514733499585716,LC4+,outer,552.0164833602762,1.7481063441540794,LC4+,outer,824.0967334212022,1.259443490656718,23.22388929596935,36.712906188916,34.83583394395402,29.85978084981832,106.16328051655992,inner,13.289309755865824,True
57,66.0,3.75,73.50000000000001,821.7228284545812,501161.04942293226,1002322.0988458644,6.466958659937554,9.292136857325454,10.514733499585716,LC4+,outer,513.0206600664898,1.9569959225489864,LC4+,outer,765.8755145201009,1.4312045034717331,21.597939579429557,39.55203299090788,32.396909369144325,32.18298634544956,99.929513400869,inner,14.180700359407613,True
58,66.0,4.0,74.00000000000001,879.6459430051431,540542.4319766604,1081084.8639533208,6.922813571450476,9.292136857325454,10.514733499585716,LC4+,outer,478.895557121186,2.167705311611648,LC4+,outer,714.926104830465,1.6044649753579052,20.175753825873368,42.4105394980328,30.263630738810047,34.522049899071455,94.4787192673336,inner,15.056525869148915,True
59,66.0,4.25,74.50000000000001,937.9617566374033,580730.22823058,1161460.45646116,7.381759024736364,9.292136857325454,10.514733499585716,LC4+,outer,448.7821094613911,2.380259524651368,LC4+,outer,669.9659593008315,1.7792456827853775,18.92136846135916,45.28842571029077,28.38205269203874,36.87697151068399,89.67266314850808,inner,15.917084278936564,True
60,66.0,4.5,75.0,996.6702693513614,621735.3723997461,1243470.7447994922,7.843795019795214,9.292136857325454,10.514733499585716,LC4+,outer,422.0121416582321,2.594683304701094,LC4+,outer,629.9975221951993,1.9555671798707095,17.80681188729567,48.18569162768174,26.710217830943503,39.24775118028714,85.40383033764643,inner,16.762669355724423,True
61,66.0,4.75,75.5,1055.7714811470191,663568.8723302946,1327137.7446605891,8.308921556627041,9.292136857325454,10.514733499585716,LC4+,outer,398.0581340987424,2.8110011328739546,LC4+,outer,594.2332303528761,2.13344980538076,16.81000132786179,51.10233725020581,25.215001991792683,41.634388907881,81.58734207854556,inner,17.59357053866956,True
62,66.0,5.0,76.0,1115.265392024376,706241.809499436,1412483.618998872,8.77713863523184,9.292136857325454,10.514733499585716,LC4+,outer,376.4980593092756,3.0292372363966305,LC4+,outer,562.0430154644436,2.312913689464388,15.913270623224086,54.03836257786295,23.86990593483613,44.03688469346552,78.15529654886238,inner,18.41007285477546,True
63,66.0,5.25,76.5,1175.1520019834315,749765.3390154603,1499530.678030921,9.248446255609606,9.292136857325454,10.514733499585716,LC4+,outer,356.99026503990285,3.24941559633408,LC4+,outer,532.9168056916756,2.493978760124294,15.102318653285352,56.99376761065312,22.653477979928024,46.45523853704069,75.05272670576932,inner,19.21245684979741,True
64,66.0,5.5,77.0,1235.431311024186,794150.6896177344,1588301.3792354688,9.722844417760344,9.292136857325454,10.514733499585716,LC4+,outer,339.25520741306286,3.471559955019245,LC4+,outer,506.4372541128005,2.67666474944055,14.365444554976603,59.96855234857636,21.548166832464908,48.88945043860654,72.23466053776878,inner,20.00099853320163,True
65,66.0,5.75,77.5,1296.1033191466388,839409.1636767032,1678818.3273534065,10.200333121684048,9.292136857325454,10.514733499585716,LC4+,outer,323.0619493342434,3.695693823200749,LC4+,outer,482.2595814809695,2.8609911995568647,13.692982448100713,62.96271679163263,20.539473672151065,51.33952039816303,69.66394820776439,inner,20.775969336043502,True
66,66.0,6.0,78.0,1357.16802635079,885552.1371938904,1771104.2743877808,10.68091236738072,9.292136857325454,10.514733499585716,LC4+,outer,308.2180342965592,3.921840486920966,LC4+,outer,460.09645828785096,3.046977468440049,13.076877479732756,65.97626093982196,19.61531621959913,53.80544841571017,67.30963241078346,inner,21.537636080701077,True
67,66.0,6.25,78.5,1418.6254326366409,932591.0598018966,1865182.119603793,11.16458215485036,9.292136857325454,10.514733499585716,LC4+,outer,294.5617904689011,4.15002301413618,LC4+,outer,439.7065151268707,3.2346427354226206,12.51036361798101,69.00918479314433,18.765545426971517,56.28723449124797,65.14570984625875,inner,22.28626096146713,True
68,66.0,6.5,79.0,1480.4755380041895,980537.4547644,1961074.9095288,11.651342484092972,9.292136857325454,10.514733499585716,LC4+,outer,281.9564107605136,4.38026426108999,LC4+,outer,420.885504506154,3.424006006537996,11.987715801049443,72.06148835159975,17.981573701574167,58.78487862477642,63.15017850480216,inner,23.022101535067588,True
69,66.0,6.75,79.5,1542.7183424534376,1029402.918976157,2058805.837952314,12.141193355108554,9.292136857325454,10.514733499585716,LC4+,outer,270.28534842364456,4.612586878450615,LC4+,outer,403.4594266982559,3.615086119657269,11.50405716430098,75.13317161518825,17.25608574645147,61.29838081629555,61.30429666942233,inner,23.74541072023516,True
70,66.0,7.0,80.0,1605.3538459843842,1079199.1229630022,2158398.2459260044,12.634134767897104,9.292136857325454,10.514733499585716,LC4+,outer,259.4486993097378,4.8470133172221415,LC4+,outer,387.2791286174669,3.807901749436081,11.055207575821036,78.22423458390978,16.58281136373155,63.82774106580533,59.59200070257871,inner,24.456436805525065,True
71,66.0,7.25,80.5,1668.3820485970298,1129937.8108818475,2259875.621763695,13.130166722458624,9.292136857325454,10.514733499585716,LC4+,outer,249.3603326214025,5.083565834439365,LC4+,outer,372.2160201662974,4.002471412079743,10.637563509463666,81.33467725776438,15.956345264195498,66.37295937330576,57.99944329145808,inner,25.155423464614834,True
72,66.0,7.5,81.0,1731.802950291373,1181630.8005206827,2363261.6010413654,13.629289218793106,9.292136857325454,10.514733499585716,LC4+,outer,239.94559551114315,5.322266498655318,LC4+,outer,358.1586473083305,4.19881346993431,10.248001943300771,84.46449963675198,15.372002914951157,68.93403573879684,56.5146240445562,inner,25.842609778382236,True
73,66.0,7.75,81.5,1795.616551067416,1234289.9832985755,2468579.9665971515,14.131502256900566,9.292136857325454,10.514733499585716,LC4+,outer,231.13946194854364,5.563137195230277,LC4+,outer,345.00992841309954,4.3969461359109765,9.883802858383026,87.61370172087268,14.825704287574538,71.5109701622786,55.12709158604376,inner,26.518230263104453,True
74,66.0,8.0,82.0,1859.8228509251576,1287927.3242656717,2575854.648531344,14.636805836780992,9.292136857325454,10.514733499585716,LC4+,outer,222.88502867218708,5.806199631430427,LC4+,outer,332.6849087822424,4.596887477750802,9.54258626899417,90.78228351012642,14.313879403491253,74.103762643751,53.82770150777536,inner,27.182514904168272,True
75,68.0,2.0,72.00000000000001,439.82297150257153,269611.4815310764,539222.9630621527,3.461406785725238,9.292136857325454,10.514733499585716,LC4+,outer,936.2716918254234,0.6202561855120774,LC4+,outer,1396.5258490075048,0.3333086539882541,40.351507651746736,20.7052697490164,60.527261477620094,16.761024949535727,180.03540496060023,inner,7.42612040854957,True
76,68.0,2.25,72.50000000000001,496.5679888080373,306638.4919637881,613276.9839275762,3.907990071919254,9.292136857325454,10.514733499585716,LC4+,outer,828.9486634618738,0.8300288870298325,LC4+,outer,1236.4391775036868,0.5059373998155667,35.74036264923395,23.505637140742188,53.61054397385092,19.05251432918565,161.41249890691424,inner,8.39828086593744,True
77,68.0,2.5,73.00000000000001,553.7057051952016,344439.55523799016,688879.1104759803,4.357663899886237,9.292136857325454,10.514733499585716,LC4+,outer,743.0799910453617,1.0415029583368152,LC4+,outer,1108.3540573018245,0.6799685874140706,32.05226139713216,26.325384237601007,48.07839209569823,21.359861766826228,146.5203857342025,inner,9.35350809649066,True
78,68.0,2.75,73.50000000000001,611.2361206640651,383025.3846755049,766050.7693510099,4.810428269626192,9.292136857325454,10.514733499585716,LC4+,outer,672.8152472394033,1.2547051456166185,LC4+,outer,1003.5439424753284,0.8554244823671748,29.035456839033937,29.1645110395929,43.5531852585509,23.68306726245747,134.34147561279687,inner,10.292119526603564,True
79,68.0,3.0,74.00000000000001,669.1592352146268,422406.7672292331,844813.5344584662,5.266283181139113,9.292136857325454,10.514733499585716,LC4+,outer,614.2541274235,1.4696618749036072,LC4+,outer,916.1911059104528,1.0323270854606936,26.522117705373432,32.023017546717824,39.78317655806015,26.02213081607936,124.1973774406263,inner,11.21442860760257,True
80,68.0,3.25,74.50000000000001,727.4750488468871,462594.5634831528,925189.1269663055,5.725228634425002,9.292136857325454,10.514733499585716,LC4+,outer,564.6964028714752,1.6863992621275274,LC4+,outer,842.2678634124396,1.2106981411544375,24.396053209153223,34.90090375897579,36.59407981372984,28.377052427691897,115.618437749102,inner,12.120744662646008,True
81,68.0,3.5,75.00000000000001,786.1835615608466,503599.7076523199,1007199.4153046398,6.187264629483862,9.292136857325454,10.514733499585716,LC4+,outer,522.2133225642543,1.9049431227663571,LC4+,outer,778.8972731893438,1.3905591457210846,22.57427001496321,37.79816967636682,33.86140502244481,30.747832097295102,108.2691915069662,inner,13.011372754200297,True
82,68.0,3.75,75.50000000000001,845.2847733565044,545433.2075828683,1090866.4151657366,6.652391166315689,9.292136857325454,10.514733499585716,LC4+,outer,485.3904542741771,2.1253189811250577,LC4+,outer,723.9695555370555,1.571931355067452,20.995906420421072,40.71481529889089,31.493859630631608,33.13446982488896,101.90363260309849,inner,13.886613570573289,True
83,68.0,4.0,76.00000000000001,904.7786842338612,588106.1447520099,1176212.2895040198,7.120608244920488,9.292136857325454,10.514733499585716,LC4+,outer,453.1669602394184,2.3475520792569133,LC4+,outer,675.902355137304,1.754835792252492,19.61531621959911,43.650840626548025,29.422974329398663,35.53696561047349,96.3372578987712,inner,14.74676333007138,True
84,68.0,4.25,76.50000000000001,964.6652941929166,631629.6742680344,1263259.3485360688,7.591915865298254,9.292136857325454,10.514733499585716,LC4+,outer,424.73159906775874,2.571667385543378,LC4+,outer,633.4856166572403,1.9392932547156336,18.39759355585441,46.60624565933819,27.59639033378161,37.955319454048656,91.42897808549336,inner,15.59211370142937,True
85,68.0,4.5,77.0,1024.9446032336698,676015.0248703071,1352030.049740614,8.066314027448982,9.292136857325454,10.514733499585716,LC4+,outer,399.4533936693034,2.797689602947479,LC4+,outer,595.7781684776224,2.125324321228359,17.31558949040475,49.58103039726138,25.97338423560712,40.38953135561446,87.06905825740255,inner,16.422951739242293,True
86,68.0,4.75,77.5,1085.6166113561228,721273.4989292761,1442546.9978585525,8.543802731372686,9.292136857325454,10.514733499585716,LC4+,outer,376.8341935231809,3.0256431769551773,LC4+,outer,562.0369641863005,2.3129493585813266,16.34787070716455,52.575194840317664,24.521806060746822,42.83960131517094,83.17086672444437,inner,17.23955983320474,True
87,68.0,5.0,78.0,1146.681318560274,767416.4724464632,1534832.9448929264,9.024381977069355,9.292136857325454,10.514733499585716,LC4+,outer,356.4754682612653,3.255552303218161,LC4+,outer,531.6675516190613,2.5021885280185745,15.477290606149454,55.588738988506975,23.21593590922418,45.30552933271808,79.665099182078,inner,18.042215670036786,True
88,68.0,5.25,78.5,1208.138724846125,814455.3950544692,1628910.7901089385,9.508051764539,9.292136857325454,10.514733499585716,LC4+,outer,338.05458879650445,3.487440934911179,LC4+,outer,504.1886935986018,2.6930617914299924,14.68996865592602,58.62166284182936,22.034952983889028,47.787315408255886,76.49565311867701,inner,18.83119220704598,True
89,68.0,5.5,79.0,1269.9888302136735,862401.7900169726,1724803.5800339452,9.994812093781611,9.292136857325454,10.514733499585716,LC4+,outer,321.30757723161634,3.721332789816103,LC4+,outer,479.206637558528,2.8855889173124907,13.974548104501052,61.67396640028478,20.961822156751577,50.28495954178434,73.61662738500435,inner,19.6067576563418,True
90,68.0,5.75,79.5,1332.2316346629216,911267.25422873,1822534.50845746,10.484662964797192,9.292136857325454,10.514733499585716,LC4+,outer,306.01635678886225,3.957251357144491,LC4+,outer,456.39609743513296,3.0797894865098927,13.32164733086408,64.74564966387327,19.98247099629612,52.79846173330347,70.99010448513651,inner,20.369175478782687,True
91,68.0,6.0,80.0,1394.867138193868,961063.458215575,1922126.91643115,10.977604377585742,9.292136857325454,10.514733499585716,LC4+,outer,291.99918925471485,4.195219904109735,LC4+,outer,435.48599008213415,3.275682897741029,12.723448358658894,67.8367126325948,19.085172537988345,55.327821982813234,68.58448729508497,inner,21.11870438679672,True
92,68.0,6.25,80.5,1457.8953408065136,1011802.1461344204,2023604.2922688408,11.473636332147262,9.292136857325454,10.514733499585716,LC4+,outer,279.10340743521647,4.435261482259457,LC4+,outer,416.248594941896,3.4732883729251176,12.173384126587578,70.94715530644939,18.260076189881367,57.87304029031368,66.37323496936285,inner,21.855598355274235,True
93,68.0,6.5,81.0,1521.3162425008568,1063495.1357732555,2126990.2715465114,11.972758828481744,9.292136857325454,10.514733499585716,LC4+,outer,267.19982473451324,4.677398933578172,LC4+,outer,398.4912153271336,3.6726249623129767,11.665897927195768,74.07697768543699,17.49884689079365,60.434116655804736,64.33389056182055,inner,22.58010663978521,True
94,68.0,6.75,81.5,1585.1298432769,1116154.3185511483,2232308.637102297,12.474971866589204,9.292136857325454,10.514733499585716,LC4+,outer,256.1783870468289,4.921654896369908,LC4+,outer,382.049692747386,3.8737115494323087,11.196256303717671,77.2261797695577,16.79438445557651,63.0110510792865,62.447324731124745,inner,23.29247380142616,True
95,68.0,7.0,82.0,1649.3361431346416,1169791.6595182444,2339583.319036489,12.98027544646963,9.292136857325454,10.514733499585716,LC4+,outer,245.9447563835079,5.168051810929864,LC4+,outer,366.7833110190506,4.076566855854814,10.760402040465806,80.39476155881144,16.140603060698705,65.60384356075892,60.697141509720005,inner,23.992939737649237,True
96,68.0,7.25,82.5,1713.9351420740816,1224419.197355767,2448838.394711534,13.488669568123022,9.292136857325454,10.514733499585716,LC4+,outer,236.417601333545,5.416611925013871,LC4+,outer,352.5707546939674,4.281209445792582,10.354837569012806,83.58272305319821,15.532256353519209,68.21249410022196,59.06920701749915,inner,24.681739718472794,True
97,68.0,7.5,83.0,1778.9268400952208,1280049.0443760173,2560098.0887520346,14.000154231549388,9.292136857325454,10.514733499585716,LC4+,outer,227.52642942978224,5.667357299113978,LC4+,outer,339.30687579888183,4.487657730530835,9.976531693147104,86.79006425271805,14.964797539720657,70.83700269767567,57.55127243308162,inner,25.359104427515632,True
98,68.0,7.75,83.5,1844.3112371980585,1336693.386522374,2673386.773044748,14.514729436748718,9.292136857325454,10.514733499585716,LC4+,outer,219.2098390549734,5.920309811548044,LC4+,outer,326.900086363974,4.695929972703738,9.622844367072585,90.01678515737093,14.434266550608871,73.47736935312005,56.13266993872128,inner,26.0252600073375,True
99,68.0,8.0,84.0,1910.0883333825943,1394364.4833692943,2788728.9667385886,15.032395183721018,9.292136857325454,10.514733499585716,LC4+,outer,211.4140991133677,6.175491163370948,LC4+,outer,315.2702398490936,4.906044290419736,9.291465577704848,93.26288576715687,13.937198366557272,76.13359406655508,54.80406567585883,inner,26.68042810860724,True
100,70.0,2.0,74.00000000000001,452.389342116931,293374.4883628296,586748.9767256592,3.560304122460247,9.292136857325454,10.514733499585716,LC4+,outer,886.7144991751683,0.710809963535197,LC4+,outer,1321.2338327518623,0.4092887676981684,39.23063243919819,21.32542031327403,58.84594865879728,17.268482805236758,183.708620797593,inner,7.257641875562305,True
101,70.0,2.25,74.50000000000001,510.7051557491913,333562.2846167493,667124.5692334987,4.019249575746136,9.292136857325454,10.514733499585716,LC4+,outer,785.1679776681123,0.9320706436670684,LC4+,outer,1169.9202593596476,0.5915614633591868,34.75101004994721,24.203306525531996,52.12651507492081,19.623404416849294,164.69293035771733,inner,8.211081475719913,True
102,70.0,2.5,75.00000000000001,569.4136684631507,374567.4287859163,749134.8575718326,4.481285570804996,9.292136857325454,10.514733499585716,LC4+,outer,703.9215333572251,1.155069745863499,LC4+,outer,1048.8551263783115,0.7752690082466118,31.16806108272851,27.100572442923024,46.75209162409276,21.994184086452503,149.48615268754918,inner,9.148097149645569,True
103,70.0,2.75,75.50000000000001,628.5148802588085,416400.9287164648,832801.8574329296,4.946412107636823,9.292136857325454,10.514733499585716,LC4+,outer,637.4394428254133,1.37983390747831,LC4+,outer,949.7898602600862,0.960433647386084,28.23723122146601,30.017218065447096,42.35584683219901,24.38082181404636,137.04940279798154,inner,10.069001170593516,True
104,70.0,3.0,76.00000000000001,688.0087911361654,459073.8658856063,918147.7317712128,5.414629186241622,9.292136857325454,10.514733499585716,LC4+,outer,582.031207162212,1.60638945357652,LC4+,outer,867.2253867885127,1.1470773669291576,25.795484343582388,32.95324339310423,38.69322651537358,26.783317599630884,126.690092579206,inner,10.974101282241776,True
105,70.0,3.25,76.50000000000001,747.8954010952208,502597.3954016309,1005194.7908032618,5.885936806619387,9.292136857325454,10.514733499585716,LC4+,outer,535.1418505375467,1.8347624064090349,LC4+,outer,797.3546318035006,1.3352219021897769,23.72994936726508,35.908648425894405,35.59492405089762,29.201671443206056,117.92873965188473,inner,11.863700608333906,True
106,70.0,3.5,77.00000000000001,808.1747101359753,546982.746003905,1093965.49200781,6.360334968770125,9.292136857325454,10.514733499585716,LC4+,outer,494.94637652698486,2.0649784945284715,LC4+,outer,737.4582358971847,1.524888745373775,21.960004164215903,38.88343316381765,32.940006246323854,31.635883344771894,110.4228581398544,inner,12.738097578299111,True
107,70.0,3.75,77.50000000000001,868.8467182584282,592241.2200628739,1184482.4401257478,6.83782367269383,9.292136857325454,10.514733499585716,LC4+,outer,460.1064419043117,2.297063161561842,LC4+,outer,685.5419832273434,1.716099153014984,20.426525907324898,41.87759760687393,30.63978886098735,34.08595330432839,103.9212931343395,inner,13.597585867594695,True
108,70.0,4.0,78.00000000000001,929.9114254625796,638384.193580061,1276768.387160122,7.318402918390501,9.292136857325454,10.514733499585716,LC4+,outer,429.6182777593739,2.531041574654933,LC4+,outer,640.1101945217986,1.9088741531308175,19.085172537988324,44.891141755063245,28.627758806982484,36.55188132187553,98.23567973465686,inner,14.442454351591492,True
109,70.0,4.25,78.50000000000001,991.36883174843,685423.1161880671,1370846.2323761345,7.802072705860144,9.292136857325454,10.514733499585716,LC4+,outer,402.7142855130352,2.766938632602585,LC4+,outer,600.0190990185458,2.1032345521095617,17.902035480275835,47.92406560838563,26.85305322041376,39.03366739741333,93.2219753692254,inner,15.27298707189587,True
110,70.0,4.5,79.0,1053.2189371159775,733369.5111505691,1466739.022301138,8.288833035102744,9.292136857325454,10.514733499585716,LC4+,outer,378.797434258066,3.0047789736783246,LC4+,outer,564.3790824220472,2.299200941341022,16.850741450393894,50.976369166840975,25.27611217559084,41.53131153094173,88.76814801010596,inner,16.089463214071948,True
111,70.0,4.75,79.5,1115.4617415652256,782234.9753623264,1564469.9507246527,8.778683906118324,9.292136857325454,10.514733499585716,LC4+,outer,357.39637472686087,3.244586983176208,LC4+,outer,532.4878039222589,2.4967937036016035,15.910469484230385,54.04805243042947,23.865704226345574,44.04481372246085,84.78575232030475,inner,16.892157095794314,True
112,70.0,5.0,80.0,1178.097245096172,832031.1793491713,1664062.3586983427,9.271625318906874,9.292136857325454,10.514733499585716,LC4+,outer,338.1340190665433,3.4863868006769847,LC4+,outer,503.78337810436295,2.69603301920428,15.064562856652136,57.139115399151,22.596844284978204,46.57417397197062,81.2040329573806,inner,17.68133816452426,True
113,70.0,5.25,80.5,1241.1254477088178,882769.8672680169,1765539.7345360338,9.767657273468396,9.292136857325454,10.514733499585716,LC4+,outer,320.70509781892986,3.730202327050312,LC4+,outer,477.8109334522113,2.8969388719235525,14.299537595303397,60.2495580730056,21.44930639295509,49.11939227947108,77.96571264792267,inner,18.457271003863763,True
114,70.0,5.5,81.0,1304.546349403161,934462.856906852,1868925.713813704,10.266779769802875,9.292136857325454,10.514733499585716,LC4+,outer,304.8598377219536,3.976057231203982,LC4+,outer,454.1982912565247,3.0995310547048467,13.60436139974606,63.379380451993214,20.406542099619088,51.68046864496214,75.02392896944397,inner,19.220215347797225,True
115,70.0,5.75,81.5,1368.359950179204,987122.0396847453,1974244.0793694905,10.768992807910337,9.292136857325454,10.514733499585716,LC4+,outer,290.39189747379913,4.223974956590767,LC4+,outer,432.63798915242654,3.3038291751674684,12.969920668663049,66.5285825361139,19.45488100299457,54.2574030684439,72.3399702330851,inner,19.970426102085835,True
116,70.0,6.0,82.0,1432.5662500369458,1040759.380651841,2081518.761303682,11.274296387790764,9.292136857325454,10.514733499585716,LC4+,outer,277.12931955392804,4.473978727482853,LC4+,outer,412.87379876938223,3.509852660909713,12.388620770273134,69.69716432536764,18.582931155409696,56.85019554991631,69.88157739605923,inner,20.708153372129612,True
117,70.0,6.25,82.5,1497.1652489763858,1095386.9184893635,2190773.836978727,11.782690509444157,9.292136857325454,10.514733499585716,LC4+,outer,264.927653605038,4.726091555023503,LC4+,outer,394.6904791420319,3.717620764624392,11.854082247857416,72.88512581975442,17.781123371786123,59.45884608937935,67.6216535155082,inner,21.43364249666114,True
118,70.0,6.5,83.0,1562.156946997525,1151016.7655096136,2302033.531019227,12.294175172870522,9.292136857325454,10.514733499585716,LC4+,outer,253.66466672491256,4.980336243065005,LC4+,outer,377.9058947154926,3.927152569032593,11.36090713171352,76.09246701927427,17.04136069757028,62.08335468683308,65.53727102108088,inner,22.147134086679287,True
119,70.0,6.75,83.5,1627.5413441003625,1207661.1076559706,2415322.215311941,12.808750378069853,9.292136857325454,10.514733499585716,LC4+,outer,243.236229247062,5.236735393801635,LC4+,outer,362.3648849021,4.138466991643122,10.90449718179669,79.31918792392715,16.356745772695035,64.72372134227746,63.608899593969,inner,22.848864069074896,True
120,70.0,7.0,84.0,1693.3184402848983,1265332.2045028908,2530664.4090057816,13.326416125042153,9.292136857325454,10.514733499585716,LC4+,outer,233.55308213794189,5.495311413205947,LC4+,outer,347.9344473017041,4.351582789344813,10.480911078375788,82.56528853371306,15.72136661756368,67.37994605571247,61.81979950078324,inner,23.539063734439644,True
121,70.0,7.25,84.5,1759.4882355511336,1324042.3892559086,2648084.778511817,13.84717241378742,9.292136857325454,10.514733499585716,LC4+,outer,224.53827320673847,5.756086516276255,LC4+,outer,334.4999174943099,4.566518562838432,10.086751159459077,85.83076884863205,15.130126739188611,70.05202882713816,60.1555404448903,inner,24.217959788587624,True
122,70.0,7.5,85.0,1826.050729899068,1383804.0687516374,2767608.1375032747,14.371019244305662,9.292136857325454,10.514733499585716,LC4+,outer,216.12510607144603,6.019082732102926,LC4+,outer,321.9619128715017,4.7832927609146845,9.719072810743308,89.1156288686841,14.57860921611496,72.7399696565545,58.603616647799576,inner,24.885774407354084,True
123,70.0,7.75,85.5,1893.0059233287,1444629.723457766,2889259.446915532,14.897956616596868,9.292136857325454,10.514733499585716,LC4+,outer,208.2554860975528,6.284321908760636,LC4+,outer,310.2338679817622,5.001923684584501,9.375311392999976,92.41986859386915,14.062967089499963,75.4437685439615,57.15313643122919,inner,25.542725294269104,True
124,70.0,8.0,86.0,1960.3538158400315,1506531.9074730645,3013063.814946129,15.427984530661048,9.292136857325454,10.514733499585716,LC4+,outer,200.87857647157415,6.551825718033535,LC4+,outer,299.24003199601685,5.222429491067508,9.05322287058421,95.74348802418731,13.579834305876314,78.16342548935917,55.794570002823086,inner,26.18902574073504,True
