fixed_orifice_bore_mm,compression_mm,pin_profile_station_from_full_extension_intercept_mm,schedule_region,phase1_equivalent_diameter_mm,phase1_equivalent_area_mm2,required_pin_diameter_mm,area_error_pct,area_map_status
12.0,0.0,0.0,LINEAR,10.301,83.33907114239945,6.155436540165124,0.0,PASS_AREA_MAP
12.0,10.25,10.25,LINEAR,10.27305,82.8874320931115,6.201970952648844,0.0,PASS_AREA_MAP
12.0,20.5,20.5,LINEAR,10.2451,82.43702015384105,6.248033769915139,0.0,PASS_AREA_MAP
12.0,30.75,30.75,LINEAR,10.21715,81.98783532458808,6.29363534672132,0.0,PASS_AREA_MAP
12.0,41.0,41.0,LINEAR,10.1892,81.53987760535257,6.338785637643855,0.0,PASS_AREA_MAP
12.0,51.25,51.25,LINEAR,10.16125,81.09314699613458,6.38349421849037,0.0,PASS_AREA_MAP
12.0,61.5,61.5,LINEAR,10.1333,80.64764349693404,6.427770306257061,0.0,PASS_AREA_MAP
12.0,71.75,71.75,LINEAR,10.10535,80.20336710775098,6.471622777750571,0.0,PASS_AREA_MAP
12.0,82.0,82.0,LINEAR,10.0774,79.76031782858544,6.515060186982157,0.0,PASS_AREA_MAP
12.0,92.25,92.25,LINEAR,10.04945,79.31849565943736,6.5580907814317415,0.0,PASS_AREA_MAP
12.0,102.5,102.5,LINEAR,10.0215,78.87790060030676,6.600722517270364,0.0,PASS_AREA_MAP
12.0,112.75,112.75,LINEAR,9.99355,78.43853265119365,6.642963073621589,0.0,PASS_AREA_MAP
12.0,123.0,123.0,LINEAR,9.9656,78.00039181209803,6.684819865935057,0.0,PASS_AREA_MAP
12.0,133.25,133.25,LINEAR,9.937650000000001,77.56347808301989,6.726300058538868,0.0,PASS_AREA_MAP
12.0,143.5,143.5,LINEAR,9.9097,77.12779146395923,6.767410576431725,0.0,PASS_AREA_MAP
12.0,153.75,153.75,LINEAR,9.88175,76.69333195491605,6.808158116370389,0.0,PASS_AREA_MAP
12.0,164.0,164.0,LINEAR,9.853800000000001,76.26009955589036,6.848549157303317,0.0,PASS_AREA_MAP
12.0,174.25,174.25,LINEAR,9.82585,75.82809426688213,6.888589970197093,0.0,PASS_AREA_MAP
12.0,184.5,184.5,LINEAR,9.7979,75.3973160878914,6.928286627298267,0.0,PASS_AREA_MAP
12.0,194.75,194.75,LINEAR,9.769950000000001,74.96776501891817,6.967645010869883,0.0,PASS_AREA_MAP
12.0,205.0,205.0,LINEAR,9.742,74.5394410599624,7.006670821438665,0.0,PASS_AREA_MAP
12.0,230.0,230.0,CLAMPED_END,9.742,74.5394410599624,7.006670821438665,0.0,PASS_AREA_MAP
14.0,0.0,0.0,LINEAR,10.301,83.33907114239945,9.481002004007804,0.0,PASS_AREA_MAP
14.0,10.25,10.25,LINEAR,10.27305,82.8874320931115,9.51127981385786,0.0,PASS_AREA_MAP
14.0,20.5,20.5,LINEAR,10.2451,82.43702015384105,9.541379669104463,-1.7238438129716735e-14,PASS_AREA_MAP
14.0,30.75,30.75,LINEAR,10.21715,81.98783532458808,9.571303248643833,0.0,PASS_AREA_MAP
14.0,41.0,41.0,LINEAR,10.1892,81.53987760535257,9.601052200670509,-1.7428104054781106e-14,PASS_AREA_MAP
14.0,51.25,51.25,LINEAR,10.16125,81.09314699613458,9.63062814345461,0.0,PASS_AREA_MAP
14.0,61.5,61.5,LINEAR,10.1333,80.64764349693404,9.660032666093835,1.762091748625272e-14,PASS_AREA_MAP
14.0,71.75,71.75,LINEAR,10.10535,80.20336710775098,9.689267329241154,0.0,PASS_AREA_MAP
14.0,82.0,82.0,LINEAR,10.0774,79.76031782858544,9.718333665809174,0.0,PASS_AREA_MAP
14.0,92.25,92.25,LINEAR,10.04945,79.31849565943736,9.747233181652113,1.7916192934643974e-14,PASS_AREA_MAP
14.0,102.5,102.5,LINEAR,10.0215,78.87790060030676,9.775967356226186,0.0,PASS_AREA_MAP
14.0,112.75,112.75,LINEAR,9.99355,78.43853265119365,9.804537643229281,0.0,PASS_AREA_MAP
14.0,123.0,123.0,LINEAR,9.9656,78.00039181209803,9.832945471220716,0.0,PASS_AREA_MAP
14.0,133.25,133.25,LINEAR,9.937650000000001,77.56347808301989,9.86119224422179,0.0,PASS_AREA_MAP
14.0,143.5,143.5,LINEAR,9.9097,77.12779146395923,9.8892793422979,0.0,PASS_AREA_MAP
14.0,153.75,153.75,LINEAR,9.88175,76.69333195491605,9.91720812212288,-1.852945276071173e-14,PASS_AREA_MAP
14.0,164.0,164.0,LINEAR,9.853800000000001,76.26009955589036,9.944979917526227,0.0,PASS_AREA_MAP
14.0,174.25,174.25,LINEAR,9.82585,75.82809426688213,9.97259604002388,0.0,PASS_AREA_MAP
14.0,184.5,184.5,LINEAR,9.7979,75.3973160878914,10.000057779333078,-1.884795832604475e-14,PASS_AREA_MAP
14.0,194.75,194.75,LINEAR,9.769950000000001,74.96776501891817,10.027366403871955,-1.8955953550990727e-14,PASS_AREA_MAP
14.0,205.0,205.0,LINEAR,9.742,74.5394410599624,10.054523161244395,0.0,PASS_AREA_MAP
14.0,230.0,230.0,CLAMPED_END,9.742,74.5394410599624,10.054523161244395,0.0,PASS_AREA_MAP
16.0,0.0,0.0,LINEAR,10.301,83.33907114239945,12.24293261436981,0.0,PASS_AREA_MAP
16.0,10.25,10.25,LINEAR,10.27305,82.8874320931115,12.266394894079514,1.7144764117240663e-14,PASS_AREA_MAP
16.0,20.5,20.5,LINEAR,10.2451,82.43702015384105,12.289748817205338,0.0,PASS_AREA_MAP
16.0,30.75,30.75,LINEAR,10.21715,81.98783532458808,12.312995000303541,0.0,PASS_AREA_MAP
16.0,41.0,41.0,LINEAR,10.1892,81.53987760535257,12.336134052449333,0.0,PASS_AREA_MAP
16.0,51.25,51.25,LINEAR,10.16125,81.09314699613458,12.359166575360168,-1.7524113000423308e-14,PASS_AREA_MAP
16.0,61.5,61.5,LINEAR,10.1333,80.64764349693404,12.382093163516418,-1.762091748625272e-14,PASS_AREA_MAP
16.0,71.75,71.75,LINEAR,10.10535,80.20336710775098,12.40491440427946,0.0,PASS_AREA_MAP
16.0,82.0,82.0,LINEAR,10.0774,79.76031782858544,12.427630878007278,5.3450845365521914e-14,PASS_AREA_MAP
16.0,92.25,92.25,LINEAR,10.04945,79.31849565943736,12.450243158167634,0.0,PASS_AREA_MAP
16.0,102.5,102.5,LINEAR,10.0215,78.87790060030676,12.472751811448827,0.0,PASS_AREA_MAP
16.0,112.75,112.75,LINEAR,9.99355,78.43853265119365,12.495157397868184,0.0,PASS_AREA_MAP
16.0,123.0,123.0,LINEAR,9.9656,78.00039181209803,12.517460470878268,0.0,PASS_AREA_MAP
16.0,133.25,133.25,LINEAR,9.937650000000001,77.56347808301989,12.5396615774709,0.0,PASS_AREA_MAP
16.0,143.5,143.5,LINEAR,9.9097,77.12779146395923,12.56176125827903,0.0,PASS_AREA_MAP
16.0,153.75,153.75,LINEAR,9.88175,76.69333195491605,12.58376004767653,0.0,PASS_AREA_MAP
16.0,164.0,164.0,LINEAR,9.853800000000001,76.26009955589036,12.605658473875929,-5.5904154851464595e-14,PASS_AREA_MAP
16.0,174.25,174.25,LINEAR,9.82585,75.82809426688213,12.627457059024195,1.874088337916806e-14,PASS_AREA_MAP
16.0,184.5,184.5,LINEAR,9.7979,75.3973160878914,12.649156319296557,-3.76959166520895e-14,PASS_AREA_MAP
16.0,194.75,194.75,LINEAR,9.769950000000001,74.96776501891817,12.670756764988427,-3.7911907101981455e-14,PASS_AREA_MAP
16.0,205.0,205.0,LINEAR,9.742,74.5394410599624,12.692258900605518,-1.906487963032919e-14,PASS_AREA_MAP
16.0,230.0,230.0,CLAMPED_END,9.742,74.5394410599624,12.692258900605518,-1.906487963032919e-14,PASS_AREA_MAP
