upper_OD_mm,taper_start_A_mm,taper_end_A_mm,transition_length_mm,maximum_geometric_half_angle_deg,Kt_peak_sensitivity,minimum_profile_MS_limit,governing_limit_station_A_mm,governing_limit_station_U_mm,governing_limit_OD_mm,governing_limit_local_Kt,governing_limit_case,governing_limit_vm_MPa,minimum_profile_MS_ultimate,governing_ultimate_station_A_mm,governing_ultimate_station_U_mm,governing_ultimate_OD_mm,governing_ultimate_local_Kt,governing_ultimate_case,governing_ultimate_vm_MPa,annular_closure_Kt3_MS_ultimate,annular_closure_Kt3_PASS,solid_neck_Kt3_MS_ultimate,solid_neck_Kt3_PASS,head_width_reserve_each_side_mm,head_width_fit_PASS,added_annular_mass_kg_vs_74mm,PROFILE_PASS,ELIGIBLE_WITHIN_SENSITIVITY_MODEL
90.0,300.0,973.780356685791,673.780356685791,1.020327567459071,1.25,0.3602189941498568,420.0,-55.0,75.34175900712809,1.1463801210007827,LC4+,369.79339515426875,0.031206447519838365,420.0,-55.0,75.34175900712809,1.1463801210007827,LC4+,554.6900927314032,-0.3832449083298285,False,-0.17573984726035186,False,12.5,True,1.902016138356045,True,False
90.0,300.0,973.780356685791,673.780356685791,1.020327567459071,1.5,0.19571583356587707,460.0,-15.0,76.27822334364241,1.362151912740683,LC4+,420.6685115977329,-0.09350635281685693,460.0,-15.0,76.27822334364241,1.362151912740683,LC4+,631.0027673965996,-0.3832449083298285,False,-0.17573984726035186,False,12.5,True,1.902016138356045,False,False
90.0,300.0,973.780356685791,673.780356685791,1.020327567459071,2.0,-0.06118912005996757,500.0,25.0,77.39233959574894,1.8348920903648644,LC4+,535.7841613767084,-0.2882706118943691,500.0,25.0,77.39233959574894,1.8348920903648644,LC4+,803.6762420650628,-0.3832449083298285,False,-0.17573984726035186,False,12.5,True,1.902016138356045,False,False
90.0,350.0,973.780356685791,623.780356685791,1.1020939483708927,1.25,0.2922556336873323,460.0,-15.0,75.31718583631415,1.1452468733410759,LC4+,389.2418704840434,-0.02031779659489208,460.0,-15.0,75.31718583631415,1.1452468733410759,LC4+,583.8628057260652,-0.3832449083298285,False,-0.17573984726035186,False,12.5,True,1.7608710243733487,False,False
90.0,350.0,973.780356685791,623.780356685791,1.1020939483708927,1.5,0.1415980421344738,490.0,15.0,76.05610004354325,1.3481311405802665,LC4+,440.6104262928908,-0.1345340223977216,490.0,15.0,76.05610004354325,1.3481311405802665,LC4+,660.9156394393361,-0.3832449083298285,False,-0.17573984726035186,False,12.5,True,1.7608710243733487,False,False
90.0,350.0,973.780356685791,623.780356685791,1.1020939483708927,2.0,-0.09909791694269243,530.0,55.0,77.22799158588171,1.82117776705039,LC4+,558.3292673639023,-0.317009951611955,530.0,55.0,77.22799158588171,1.82117776705039,LC4+,837.4939010458534,-0.3832449083298285,False,-0.17573984726035186,False,12.5,True,1.7608710243733487,False,False
90.0,400.0,973.780356685791,573.780356685791,1.1981050405667484,1.25,0.2287466089291299,490.0,15.0,75.05746675741806,1.1322511288015713,LC4+,409.3602345225365,-0.06846512881714717,490.0,15.0,75.05746675741806,1.1322511288015713,LC4+,614.0403517838046,-0.3832449083298285,False,-0.17573984726035186,False,12.5,True,1.619725910858532,False,False
90.0,400.0,973.780356685791,573.780356685791,1.1981050405667484,1.5,0.09091029750476154,520.0,45.0,75.8067601789285,1.3308000614758495,LC4+,461.08282335450644,-0.1729613118983122,520.0,45.0,75.8067601789285,1.3308000614758495,LC4+,691.6242350317598,-0.3832449083298285,False,-0.17573984726035186,False,12.5,True,1.619725910858532,False,False
90.0,400.0,973.780356685791,573.780356685791,1.1981050405667484,2.0,-0.13502302781863462,550.0,75.0,76.70871789965693,1.772326115368772,LC4+,581.518371213393,-0.3442454233429544,550.0,75.0,76.70871789965693,1.772326115368772,LC4+,872.2775568200897,-0.3832449083298285,False,-0.17573984726035186,False,12.5,True,1.619725910858532,False,False
96.0,300.0,973.780356685791,673.780356685791,1.4028183520974156,1.25,0.41372119606487145,390.0,-85.0,75.07272129803225,1.1157324897197893,LC4+,355.79858419051305,0.07176742763301047,390.0,-85.0,75.07272129803225,1.1157324897197893,LC4+,533.6978762857697,-0.19309782928601182,False,9.52670606424455e-05,True,9.5,True,2.6881782775806027,True,False
96.0,300.0,973.780356685791,673.780356685791,1.4028183520974156,1.5,0.27079376959515855,420.0,-55.0,75.84491863480113,1.2927602420015651,LC4+,395.8156012680504,-0.03658842119492278,420.0,-55.0,75.84491863480113,1.2927602420015651,LC4+,593.7234019020756,-0.19309782928601182,False,9.52670606424455e-05,True,9.5,True,2.6881782775806027,False,False
96.0,300.0,973.780356685791,673.780356685791,1.4028183520974156,2.0,0.024225356566921263,460.0,-15.0,77.13255709750831,1.7243038254813658,LC4+,491.1028581502754,-0.22351636321235435,460.0,-15.0,77.13255709750831,1.7243038254813658,LC4+,736.6542872254136,-0.19309782928601182,False,9.52670606424455e-05,True,9.5,True,2.6881782775806027,False,False
96.0,350.0,973.780356685791,623.780356685791,1.515212773029465,1.25,0.3364062064085298,430.0,-45.0,74.99275971267686,1.111802139239411,LC4+,376.3825681053718,0.013153545481350726,430.0,-45.0,74.99275971267686,1.111802139239411,LC4+,564.5738521580577,-0.19309782928601182,False,9.52670606424455e-05,True,9.5,True,2.4886935195435025,True,False
96.0,350.0,973.780356685791,623.780356685791,1.515212773029465,1.5,0.2069535926830277,460.0,-15.0,75.81113052493195,1.2904937466821518,LC4+,416.75173183903746,-0.08498680581220441,460.0,-15.0,75.81113052493195,1.2904937466821518,LC4+,625.1275977585562,-0.19309782928601182,False,9.52670606424455e-05,True,9.5,True,2.4886935195435025,False,False
96.0,350.0,973.780356685791,623.780356685791,1.515212773029465,2.0,-0.022455597270037986,490.0,15.0,76.82713755987197,1.6962622811605328,LC4+,514.5546315801977,-0.25890603265535017,490.0,15.0,76.82713755987197,1.6962622811605328,LC4+,771.8319473702965,-0.19309782928601182,False,9.52670606424455e-05,True,9.5,True,2.4886935195435025,False,False
96.0,400.0,973.780356685791,573.780356685791,1.6471806462294152,1.25,0.26596650991171855,470.0,-5.0,74.90241703073247,1.1071144142706217,LC4+,397.32488660784276,-0.04024805345327653,470.0,-5.0,74.90241703073247,1.1071144142706217,LC4+,595.9873299117643,-0.19309782928601182,False,9.52670606424455e-05,True,9.5,True,2.289208762192666,False,False
96.0,400.0,973.780356685791,573.780356685791,1.6471806462294152,1.5,0.1478122865561846,490.0,15.0,75.45401679144983,1.2645022576031426,LC4+,438.2249657817881,-0.12982289210054654,490.0,15.0,75.45401679144983,1.2645022576031426,LC4+,657.3374486726822,-0.19309782928601182,False,9.52670606424455e-05,True,9.5,True,2.289208762192666,False,False
96.0,400.0,973.780356685791,573.780356685791,1.6471806462294152,2.0,-0.06556232191424272,520.0,45.0,76.48429524602668,1.661600122951699,LC4+,538.2916504719939,-0.29158601475804746,520.0,45.0,76.48429524602668,1.661600122951699,LC4+,807.4374757079908,-0.19309782928601182,False,9.52670606424455e-05,True,9.5,True,2.289208762192666,False,False
102.0,300.0,973.780356685791,673.780356685791,1.785184120478301,1.25,0.44732011906097413,370.0,-105.0,74.84385263593073,1.0930979951734967,LC4+,347.5388708935712,0.097239374556497,370.0,-105.0,74.84385263593073,1.0930979951734967,LC4+,521.3083063403569,0.018981677643556294,True,0.19927591407717493,True,6.5,True,3.514107373536636,True,True
102.0,300.0,973.780356685791,673.780356685791,1.785184120478301,1.5,0.3221329000336428,400.0,-75.0,75.66722523733489,1.252777829770493,LC4+,380.44586893435655,0.0023326955854787723,400.0,-75.0,75.66722523733489,1.252777829770493,LC4+,570.6688034015348,0.018981677643556294,True,0.19927591407717493,True,6.5,True,3.514107373536636,True,True
102.0,300.0,973.780356685791,673.780356685791,1.785184120478301,2.0,0.08925567606603102,430.0,-45.0,76.72479078234925,1.6228596078034458,LC4+,461.7832259700871,-0.1742157101262164,430.0,-45.0,76.72479078234925,1.6228596078034458,LC4+,692.6748389551307,0.018981677643556294,True,0.19927591407717493,True,6.5,True,3.514107373536636,False,False
102.0,350.0,973.780356685791,623.780356685791,1.9281740774229965,1.25,0.3638665473503564,410.0,-65.0,74.72733783795476,1.0869356291979635,LC4+,368.80441196919173,0.03397172310722829,410.0,-65.0,74.72733783795476,1.0869356291979635,LC4+,553.2066179537877,0.018981677643556294,True,0.19927591407717493,True,6.5,True,3.253331938911919,True,True
102.0,350.0,973.780356685791,623.780356685791,1.9281740774229965,1.5,0.2513541711990215,440.0,-35.0,75.58044418125448,1.246928776136067,LC4+,401.96453696081574,-0.051325929853094476,440.0,-35.0,75.58044418125448,1.246928776136067,LC4+,602.9468054412237,0.018981677643556294,True,0.19927591407717493,True,6.5,True,3.253331938911919,False,False
102.0,350.0,973.780356685791,623.780356685791,1.9281740774229965,2.0,0.03582159520165029,470.0,-5.0,76.71000573708575,1.6214684391419834,LC4+,485.6048593021249,-0.2147250464475231,470.0,-5.0,76.71000573708575,1.6214684391419834,LC4+,728.4072889531876,0.018981677643556294,True,0.19927591407717493,True,6.5,True,3.253331938911919,False,False
102.0,400.0,973.780356685791,573.780356685791,2.096053912729905,1.25,0.28860001554528103,450.0,-25.0,74.60080756932513,1.0795477424809676,LC4+,390.3461073505821,-0.023089186359309455,450.0,-25.0,74.60080756932513,1.0795477424809676,LC4+,585.5191610258729,0.018981677643556294,True,0.19927591407717493,True,6.5,True,2.992556505215263,False,False
102.0,400.0,973.780356685791,573.780356685791,2.096053912729905,1.5,0.18667542289145733,470.0,-5.0,75.14853076638677,1.2142288285412435,LC4+,423.8732768008193,-0.10036005050508467,470.0,-5.0,75.14853076638677,1.2142288285412435,LC4+,635.8099152012289,0.018981677643556294,True,0.19927591407717493,True,6.5,True,2.992556505215263,False,False
102.0,400.0,973.780356685791,573.780356685791,2.096053912729905,2.0,-0.013195989617427961,500.0,25.0,76.2550054329613,1.5756330083801278,LC4+,509.72634353704433,-0.25188615780141654,500.0,25.0,76.2550054329613,1.5756330083801278,LC4+,764.5895153055665,0.018981677643556294,True,0.19927591407717493,True,6.5,True,2.992556505215263,False,False
